Screen Id,class
1054,Chat
10560,Chat
11382,Chat
11389,Chat
11390,Chat
11396,Chat
11728,Chat
11729,Chat
12607,Chat
13416,Chat
14305,Chat
14551,Chat
14555,Chat
15164,Chat
15168,Chat
15172,Chat
15175,Chat
15178,Chat
15179,Chat
15180,Chat
15595,Chat
1584,Chat
1589,Chat
1593,Chat
16077,Chat
16080,Chat
16081,Chat
16085,Chat
17123,Chat
17125,Chat
17127,Chat
17131,Chat
1749,Chat
18113,Chat
18483,Chat
18677,Chat
19617,Chat
19619,Chat
19650,Chat
19662,Chat
19668,Chat
1967,Chat
19671,Chat
19724,Chat
19789,Chat
19794,Chat
19797,Chat
19801,Chat
19922,Chat
19928,Chat
19930,Chat
19931,Chat
19933,Chat
20164,Chat
20549,Chat
21070,Chat
21262,Chat
21483,Chat
21936,Chat
22313,Chat
2242,Chat
23084,Chat
23218,Chat
23219,Chat
2322,Chat
23650,Chat
24130,Chat
25230,Chat
25327,Chat
25328,Chat
25485,Chat
25988,Chat
26580,Chat
26657,Chat
26692,Chat
26711,Chat
26876,Chat
27362,Chat
27376,Chat
27377,Chat
27381,Chat
27712,Chat
27877,Chat
2794,Chat
2796,Chat
2799,Chat
2800,Chat
28614,Chat
29704,Chat
29760,Chat
29761,Chat
30016,Chat
3003,Chat
3004,Chat
30083,Chat
30259,Chat
30517,Chat
30528,Chat
30751,Chat
30752,Chat
30753,Chat
30758,Chat
30759,Chat
30760,Chat
30761,Chat
30765,Chat
30766,Chat
30767,Chat
30823,Chat
31071,Chat
31542,Chat
31582,Chat
31778,Chat
31782,Chat
31936,Chat
3206,Chat
32315,Chat
32464,Chat
32467,Chat
32469,Chat
32471,Chat
32472,Chat
32499,Chat
32501,Chat
32502,Chat
33801,Chat
33805,Chat
34052,Chat
34211,Chat
3423,Chat
3429,Chat
3436,Chat
35072,Chat
35090,Chat
3522,Chat
36184,Chat
36416,Chat
37090,Chat
3722,Chat
3723,Chat
3724,Chat
37588,Chat
37705,Chat
37993,Chat
38000,Chat
38289,Chat
38293,Chat
38294,Chat
38296,Chat
38363,Chat
39236,Chat
40235,Chat
40239,Chat
40361,Chat
40386,Chat
40390,Chat
40391,Chat
40394,Chat
40550,Chat
40624,Chat
40713,Chat
40892,Chat
40895,Chat
41113,Chat
4115,Chat
41256,Chat
41259,Chat
41270,Chat
41271,Chat
41279,Chat
41283,Chat
42396,Chat
42431,Chat
42495,Chat
42496,Chat
42512,Chat
42936,Chat
43081,Chat
43300,Chat
43405,Chat
43409,Chat
43590,Chat
43768,Chat
43777,Chat
43786,Chat
43789,Chat
43791,Chat
43794,Chat
44005,Chat
44859,Chat
44878,Chat
44965,Chat
44966,Chat
44974,Chat
44979,Chat
45141,Chat
45143,Chat
45148,Chat
4591,Chat
46256,Chat
46305,Chat
46331,Chat
47275,Chat
47482,Chat
47533,Chat
47542,Chat
47545,Chat
47546,Chat
47552,Chat
47554,Chat
47555,Chat
47556,Chat
47564,Chat
47570,Chat
47687,Chat
47692,Chat
47693,Chat
47702,Chat
47704,Chat
47708,Chat
47709,Chat
48283,Chat
48307,Chat
48313,Chat
48319,Chat
48526,Chat
492,Chat
49872,Chat
49879,Chat
49920,Chat
50317,Chat
50485,Chat
50844,Chat
51427,Chat
51432,Chat
51450,Chat
51452,Chat
51838,Chat
51846,Chat
5205,Chat
52058,Chat
52145,Chat
52506,Chat
52589,Chat
52747,Chat
52748,Chat
52749,Chat
53046,Chat
53060,Chat
53101,Chat
53109,Chat
53263,Chat
53269,Chat
5377,Chat
54395,Chat
54403,Chat
54404,Chat
55630,Chat
56075,Chat
56224,Chat
57569,Chat
57575,Chat
57910,Chat
58041,Chat
5860,Chat
5862,Chat
58826,Chat
59364,Chat
5946,Chat
5947,Chat
5976,Chat
5983,Chat
59869,Chat
60022,Chat
60172,Chat
60212,Chat
60216,Chat
60222,Chat
60231,Chat
60246,Chat
6091,Chat
61271,Chat
61377,Chat
6190,Chat
61906,Chat
62210,Chat
62460,Chat
62812,Chat
63077,Chat
64207,Chat
64211,Chat
64873,Chat
65111,Chat
65259,Chat
65350,Chat
65634,Chat
65636,Chat
65640,Chat
65642,Chat
65810,Chat
66379,Chat
66690,Chat
66691,Chat
67537,Chat
68475,Chat
68685,Chat
69291,Chat
69298,Chat
69306,Chat
69994,Chat
70064,Chat
70065,Chat
70074,Chat
70168,Chat
70872,Chat
71674,Chat
71791,Chat
7428,Chat
7436,Chat
7437,Chat
7444,Chat
7457,Chat
8086,Chat
8093,Chat
8989,Chat
908,Chat
9094,Chat
9282,Chat
9646,Chat
10053,Home
10113,Home
10123,Home
10248,Home
10427,Home
10598,Home
10723,Home
10838,Home
10879,Home
11094,Home
1111,Home
1141,Home
11592,Home
11653,Home
11659,Home
11738,Home
11918,Home
11931,Home
11970,Home
11985,Home
12018,Home
1213,Home
1231,Home
12603,Home
12633,Home
12716,Home
12722,Home
12743,Home
12757,Home
12758,Home
12890,Home
1294,Home
12976,Home
13103,Home
13114,Home
13156,Home
1323,Home
1324,Home
13301,Home
13303,Home
13579,Home
13587,Home
13655,Home
13699,Home
1381,Home
13902,Home
14055,Home
14084,Home
14291,Home
14360,Home
14489,Home
14720,Home
14728,Home
14757,Home
14779,Home
14850,Home
14957,Home
14990,Home
15130,Home
15133,Home
15176,Home
15193,Home
15208,Home
15251,Home
15274,Home
15318,Home
15320,Home
15374,Home
15470,Home
15524,Home
15615,Home
15761,Home
15969,Home
16049,Home
16102,Home
1626,Home
1643,Home
1649,Home
16558,Home
16566,Home
16663,Home
16705,Home
16718,Home
16851,Home
16909,Home
17072,Home
17087,Home
17118,Home
17185,Home
17257,Home
1732,Home
1763,Home
17646,Home
17783,Home
17785,Home
1781,Home
17969,Home
18081,Home
18466,Home
18586,Home
18821,Home
18969,Home
19033,Home
19183,Home
1930,Home
19385,Home
19658,Home
19666,Home
19689,Home
19803,Home
19823,Home
20001,Home
20014,Home
20096,Home
20494,Home
20544,Home
20748,Home
2087,Home
20904,Home
20948,Home
20954,Home
20971,Home
20975,Home
21057,Home
21227,Home
21312,Home
21409,Home
21452,Home
21510,Home
21544,Home
21602,Home
21642,Home
21671,Home
21727,Home
21885,Home
22028,Home
22075,Home
2213,Home
22132,Home
22432,Home
22543,Home
2274,Home
22951,Home
22958,Home
23006,Home
23011,Home
23165,Home
23248,Home
23255,Home
23271,Home
23423,Home
2347,Home
23531,Home
23540,Home
23572,Home
23578,Home
23579,Home
23602,Home
23799,Home
2397,Home
24065,Home
24087,Home
24243,Home
24292,Home
24319,Home
25174,Home
25184,Home
25186,Home
25190,Home
25191,Home
25327,Home
2561,Home
2566,Home
25752,Home
2579,Home
25821,Home
25875,Home
25959,Home
2603,Home
2604,Home
2607,Home
26081,Home
26123,Home
26200,Home
26243,Home
26244,Home
26392,Home
26401,Home
26425,Home
26444,Home
26552,Home
26638,Home
2673,Home
26775,Home
26797,Home
26860,Home
27043,Home
27050,Home
27106,Home
27247,Home
27282,Home
27316,Home
27336,Home
27341,Home
27678,Home
27760,Home
27886,Home
28353,Home
28413,Home
28446,Home
28623,Home
28629,Home
28649,Home
28703,Home
28741,Home
28747,Home
28771,Home
2901,Home
29051,Home
29055,Home
29058,Home
29179,Home
29234,Home
29274,Home
29322,Home
29459,Home
2954,Home
2966,Home
29675,Home
2977,Home
29797,Home
29958,Home
29976,Home
30110,Home
30118,Home
30262,Home
30310,Home
30400,Home
30406,Home
30429,Home
30598,Home
30679,Home
31044,Home
3119,Home
31593,Home
31610,Home
31616,Home
3173,Home
31842,Home
31881,Home
31958,Home
3210,Home
32100,Home
32193,Home
32215,Home
32216,Home
3226,Home
32428,Home
32800,Home
32805,Home
32880,Home
33029,Home
33035,Home
33132,Home
33313,Home
33328,Home
33330,Home
33468,Home
33471,Home
33561,Home
33579,Home
3360,Home
33639,Home
33688,Home
33722,Home
33983,Home
33985,Home
33999,Home
34089,Home
34226,Home
34308,Home
34330,Home
34337,Home
34422,Home
34484,Home
34503,Home
34518,Home
34521,Home
34603,Home
3464,Home
34658,Home
3474,Home
34756,Home
34789,Home
34797,Home
34895,Home
34998,Home
35007,Home
3502,Home
35058,Home
3507,Home
35114,Home
35156,Home
35170,Home
35222,Home
35364,Home
3537,Home
35391,Home
35443,Home
35514,Home
35541,Home
35608,Home
35684,Home
35721,Home
35725,Home
35833,Home
3610,Home
36167,Home
36241,Home
36256,Home
36423,Home
36450,Home
36633,Home
36634,Home
36736,Home
3686,Home
3688,Home
37025,Home
37035,Home
37062,Home
37083,Home
37131,Home
37147,Home
3720,Home
37227,Home
37239,Home
37278,Home
37279,Home
37372,Home
37430,Home
37494,Home
37545,Home
3785,Home
38090,Home
38150,Home
38154,Home
38196,Home
38204,Home
38437,Home
38507,Home
38560,Home
38592,Home
38688,Home
38743,Home
38818,Home
38908,Home
38961,Home
39009,Home
39127,Home
39148,Home
39192,Home
3922,Home
39281,Home
39335,Home
39344,Home
39437,Home
39450,Home
39464,Home
39687,Home
39694,Home
39749,Home
3977,Home
39865,Home
4013,Home
40169,Home
40234,Home
40238,Home
40371,Home
4040,Home
4046,Home
40497,Home
40543,Home
40553,Home
40659,Home
40676,Home
40695,Home
40718,Home
40947,Home
41024,Home
4114,Home
41176,Home
41177,Home
41190,Home
41194,Home
41197,Home
41200,Home
41255,Home
41263,Home
4156,Home
41624,Home
41629,Home
4165,Home
41800,Home
41920,Home
42033,Home
42038,Home
42160,Home
42214,Home
42229,Home
42251,Home
42252,Home
42254,Home
42291,Home
42341,Home
42359,Home
42363,Home
42369,Home
4240,Home
42412,Home
42538,Home
42679,Home
42746,Home
4292,Home
42937,Home
43042,Home
43049,Home
43105,Home
43170,Home
43213,Home
43346,Home
43712,Home
43817,Home
44029,Home
44218,Home
44248,Home
44347,Home
44349,Home
44352,Home
44396,Home
44426,Home
44437,Home
44442,Home
44448,Home
44468,Home
44511,Home
44512,Home
44514,Home
44522,Home
44593,Home
44620,Home
44623,Home
44685,Home
44719,Home
44740,Home
44800,Home
44990,Home
45080,Home
45092,Home
45103,Home
45110,Home
4531,Home
45512,Home
45596,Home
45736,Home
45740,Home
45863,Home
45866,Home
45912,Home
46274,Home
46275,Home
46276,Home
46277,Home
46385,Home
46476,Home
46497,Home
4656,Home
46611,Home
46648,Home
46710,Home
46797,Home
46807,Home
46847,Home
46896,Home
46977,Home
46981,Home
46982,Home
47005,Home
47053,Home
47081,Home
47095,Home
47241,Home
47254,Home
4726,Home
47304,Home
47371,Home
47434,Home
47466,Home
47795,Home
47802,Home
47808,Home
47809,Home
47859,Home
47883,Home
47942,Home
47991,Home
48004,Home
48095,Home
48257,Home
48285,Home
4829,Home
48315,Home
48394,Home
48472,Home
4850,Home
48529,Home
48534,Home
48538,Home
48541,Home
48625,Home
48682,Home
48790,Home
48832,Home
48845,Home
49016,Home
49099,Home
49333,Home
49450,Home
4948,Home
49525,Home
49535,Home
49541,Home
49566,Home
49572,Home
49720,Home
49750,Home
49752,Home
49754,Home
49764,Home
49770,Home
49790,Home
49794,Home
49899,Home
49947,Home
50194,Home
50246,Home
50379,Home
50426,Home
5049,Home
50678,Home
50903,Home
50982,Home
50996,Home
51093,Home
51097,Home
51135,Home
51231,Home
51310,Home
51312,Home
5134,Home
5135,Home
51484,Home
51499,Home
51765,Home
51836,Home
51906,Home
51907,Home
5204,Home
52045,Home
52100,Home
52275,Home
52276,Home
52311,Home
52377,Home
52426,Home
52427,Home
52554,Home
52785,Home
5284,Home
52915,Home
52997,Home
53068,Home
53172,Home
53175,Home
53181,Home
53238,Home
53332,Home
53344,Home
53382,Home
53397,Home
53419,Home
53487,Home
53520,Home
53537,Home
53611,Home
53643,Home
53645,Home
53711,Home
53716,Home
53820,Home
54062,Home
54063,Home
54065,Home
54092,Home
5412,Home
54255,Home
54270,Home
5428,Home
54346,Home
54372,Home
54391,Home
54422,Home
54425,Home
54431,Home
54584,Home
54659,Home
54697,Home
54755,Home
5476,Home
54763,Home
54764,Home
54795,Home
54798,Home
54864,Home
55033,Home
55425,Home
55573,Home
55626,Home
55646,Home
55667,Home
5568,Home
55790,Home
56247,Home
56267,Home
56388,Home
56430,Home
56491,Home
56838,Home
56883,Home
57283,Home
57364,Home
57475,Home
57486,Home
57505,Home
57638,Home
57713,Home
57727,Home
57828,Home
57865,Home
57987,Home
58025,Home
58089,Home
58143,Home
58159,Home
58276,Home
58278,Home
5831,Home
58392,Home
58611,Home
58721,Home
58735,Home
58814,Home
58815,Home
58818,Home
58822,Home
5886,Home
58917,Home
58924,Home
58988,Home
59332,Home
59359,Home
59437,Home
59444,Home
59527,Home
59560,Home
59563,Home
59642,Home
59781,Home
59825,Home
59839,Home
59867,Home
60105,Home
60115,Home
60459,Home
60480,Home
60685,Home
60733,Home
60774,Home
6117,Home
61196,Home
61204,Home
6135,Home
6141,Home
6143,Home
61439,Home
61514,Home
6152,Home
61640,Home
61726,Home
6184,Home
61888,Home
62224,Home
62313,Home
62335,Home
62342,Home
62377,Home
62813,Home
62909,Home
62914,Home
63090,Home
63121,Home
63158,Home
63450,Home
63454,Home
63502,Home
63697,Home
63772,Home
63777,Home
6397,Home
63982,Home
6401,Home
64081,Home
6410,Home
64142,Home
64162,Home
6420,Home
64218,Home
64371,Home
6442,Home
64425,Home
6447,Home
64505,Home
6454,Home
6458,Home
64597,Home
64675,Home
64680,Home
64731,Home
64773,Home
64979,Home
64987,Home
64997,Home
65002,Home
65039,Home
65083,Home
65095,Home
65099,Home
6523,Home
65234,Home
65280,Home
65442,Home
65513,Home
65869,Home
65938,Home
65950,Home
66000,Home
66191,Home
66236,Home
6625,Home
66259,Home
66320,Home
66343,Home
66349,Home
66394,Home
66440,Home
66483,Home
66515,Home
66545,Home
66806,Home
66984,Home
66994,Home
67020,Home
67106,Home
67113,Home
67119,Home
67265,Home
67308,Home
6742,Home
67521,Home
67657,Home
67816,Home
67967,Home
67995,Home
6811,Home
6817,Home
6818,Home
68465,Home
68584,Home
68616,Home
68668,Home
6867,Home
68779,Home
68882,Home
68970,Home
6907,Home
69100,Home
69170,Home
69211,Home
69257,Home
69262,Home
69272,Home
69374,Home
69450,Home
69481,Home
69581,Home
69802,Home
69824,Home
69874,Home
69942,Home
69978,Home
6998,Home
70046,Home
70147,Home
7028,Home
7030,Home
70482,Home
71183,Home
71241,Home
71248,Home
71266,Home
71505,Home
71553,Home
71638,Home
71655,Home
71874,Home
71877,Home
71975,Home
72012,Home
72066,Home
72137,Home
72169,Home
7430,Home
7432,Home
7476,Home
7518,Home
7547,Home
7552,Home
7558,Home
7601,Home
7646,Home
7656,Home
7987,Home
7998,Home
8297,Home
8300,Home
8401,Home
8415,Home
8423,Home
8433,Home
8487,Home
8546,Home
8813,Home
8875,Home
8929,Home
9111,Home
9293,Home
9314,Home
9428,Home
9495,Home
9508,Home
9559,Home
9627,Home
9636,Home
9639,Home
9667,Home
9671,Home
9914,Home
10128,List
10196,List
10228,List
10237,List
10238,List
1028,List
10288,List
10367,List
10372,List
10374,List
10379,List
10545,List
10564,List
10592,List
10596,List
1073,List
10775,List
1079,List
10960,List
11003,List
11281,List
11320,List
11383,List
11387,List
11393,List
11421,List
11456,List
11519,List
11521,List
11588,List
11637,List
11643,List
11674,List
11707,List
11740,List
11742,List
11751,List
11830,List
11846,List
11851,List
11859,List
11870,List
11975,List
11977,List
12054,List
1218,List
12234,List
12237,List
12238,List
12284,List
12286,List
12287,List
12302,List
1234,List
12393,List
124,List
12409,List
12449,List
12456,List
12602,List
1263,List
12641,List
12664,List
1270,List
12701,List
12775,List
12778,List
12796,List
12797,List
12802,List
12837,List
12842,List
12898,List
12928,List
12977,List
13000,List
1303,List
1305,List
13063,List
13218,List
13253,List
13328,List
13349,List
13364,List
13366,List
13367,List
13370,List
13407,List
13410,List
13569,List
13575,List
13578,List
13722,List
13723,List
13727,List
13747,List
13752,List
13765,List
13833,List
13840,List
13849,List
13859,List
13926,List
13951,List
13985,List
14,List
14040,List
14148,List
14189,List
14247,List
14310,List
14355,List
1441,List
14444,List
14458,List
14543,List
14550,List
14553,List
14566,List
1461,List
1467,List
14719,List
14788,List
14803,List
14828,List
1483,List
14866,List
15001,List
15065,List
15361,List
15433,List
15517,List
15659,List
15677,List
15865,List
15952,List
16008,List
16009,List
16015,List
16024,List
16330,List
16348,List
16441,List
16515,List
16519,List
16534,List
16664,List
1672,List
16795,List
1687,List
16881,List
16886,List
16914,List
1693,List
16964,List
17077,List
17119,List
17155,List
17165,List
17254,List
17291,List
1731,List
17311,List
17314,List
17355,List
17400,List
1777,List
17814,List
17821,List
17963,List
18358,List
18377,List
18386,List
18449,List
18451,List
18512,List
18537,List
18570,List
18582,List
18590,List
18593,List
18603,List
18640,List
18650,List
18651,List
18652,List
18664,List
18676,List
18698,List
1870,List
18792,List
18839,List
18876,List
18880,List
18884,List
18939,List
18941,List
18945,List
19032,List
19154,List
19208,List
19215,List
19348,List
19431,List
19501,List
19506,List
1951,List
19561,List
19576,List
19605,List
19704,List
19706,List
19707,List
19839,List
19879,List
19957,List
19958,List
19959,List
19964,List
19984,List
20008,List
20067,List
20141,List
20162,List
20164,List
20171,List
20286,List
20375,List
20380,List
20384,List
20386,List
20419,List
20420,List
20439,List
20493,List
20498,List
20501,List
20521,List
20522,List
20553,List
20594,List
20603,List
2063,List
20635,List
20636,List
20639,List
20641,List
20652,List
2072,List
2084,List
2099,List
2105,List
21056,List
21070,List
21088,List
21096,List
21172,List
21186,List
21222,List
21238,List
21260,List
21265,List
21269,List
21334,List
21343,List
21346,List
21400,List
21428,List
21543,List
21665,List
21667,List
21807,List
21811,List
21833,List
2186,List
21874,List
21923,List
21945,List
22137,List
22274,List
22291,List
22319,List
22320,List
22326,List
22338,List
22481,List
22531,List
22556,List
22558,List
22577,List
22691,List
22726,List
228,List
22865,List
22869,List
22872,List
22873,List
22874,List
22881,List
22914,List
22943,List
22980,List
23072,List
23081,List
23167,List
23179,List
23324,List
23328,List
23330,List
23355,List
23368,List
23439,List
23446,List
23480,List
23499,List
23502,List
23533,List
23545,List
2356,List
23566,List
2358,List
23785,List
23798,List
23853,List
23941,List
23981,List
23983,List
23988,List
24001,List
24012,List
24020,List
24095,List
24142,List
24143,List
24147,List
24247,List
24273,List
24290,List
24300,List
24331,List
244,List
24449,List
24455,List
24495,List
24757,List
24759,List
24797,List
24804,List
24905,List
24921,List
25010,List
25052,List
25069,List
25106,List
25137,List
25182,List
25207,List
25212,List
25224,List
25311,List
25314,List
2532,List
25320,List
25321,List
25322,List
25385,List
25391,List
25408,List
2543,List
25536,List
25542,List
25545,List
256,List
25616,List
25623,List
25663,List
257,List
25728,List
2573,List
25819,List
25822,List
25823,List
25824,List
25835,List
25837,List
25869,List
25924,List
25926,List
25931,List
26121,List
26141,List
26143,List
26180,List
2629,List
26463,List
26780,List
26788,List
26804,List
2682,List
2683,List
26933,List
26939,List
2696,List
2700,List
2708,List
27155,List
27168,List
272,List
2722,List
27248,List
27260,List
2736,List
27594,List
27776,List
2778,List
27788,List
27794,List
2780,List
27807,List
27827,List
27857,List
27866,List
27873,List
27903,List
27932,List
27951,List
27979,List
27994,List
28000,List
28104,List
28110,List
28120,List
28135,List
28155,List
28225,List
2829,List
2846,List
28481,List
28493,List
2852,List
28603,List
28607,List
28610,List
28650,List
28800,List
2889,List
28895,List
2897,List
29025,List
29090,List
2913,List
2916,List
29170,List
2930,List
29337,List
2941,List
2942,List
29472,List
295,List
29573,List
2967,List
2970,List
29792,List
29865,List
2991,List
29947,List
30006,List
30037,List
30302,List
30368,List
30549,List
30550,List
30552,List
30577,List
30626,List
30687,List
30698,List
30856,List
31002,List
31216,List
31630,List
3166,List
320,List
32153,List
32269,List
32308,List
32734,List
32808,List
32936,List
32938,List
3294,List
32963,List
32966,List
32970,List
33064,List
33289,List
3333,List
33485,List
33519,List
33531,List
33689,List
33692,List
33774,List
33778,List
338,List
33840,List
33926,List
33929,List
33932,List
33941,List
340,List
34086,List
34321,List
34324,List
34377,List
34401,List
34403,List
34407,List
34414,List
34421,List
34426,List
34461,List
34532,List
3456,List
3458,List
34583,List
34598,List
34601,List
34645,List
34651,List
34752,List
34778,List
34782,List
34787,List
34788,List
3481,List
34810,List
34884,List
350,List
35205,List
3543,List
35446,List
35472,List
3560,List
35650,List
35811,List
35817,List
3588,List
3608,List
361,List
3617,List
362,List
36293,List
36441,List
36544,List
36548,List
366,List
36664,List
36832,List
36868,List
36897,List
36918,List
36923,List
36930,List
3694,List
36981,List
37021,List
37069,List
37117,List
37182,List
37363,List
37376,List
3750,List
37507,List
37520,List
37707,List
3774,List
3776,List
3784,List
37880,List
37904,List
37940,List
3810,List
38159,List
3825,List
38281,List
38300,List
38330,List
38383,List
38388,List
38404,List
38439,List
38441,List
38515,List
38594,List
38634,List
38714,List
38792,List
38968,List
38987,List
39236,List
3936,List
3938,List
39407,List
3942,List
39423,List
39430,List
39478,List
3956,List
39692,List
39937,List
39940,List
39941,List
39943,List
39947,List
40025,List
40110,List
4013,List
40342,List
40374,List
40418,List
4058,List
4068,List
40728,List
4157,List
41743,List
4194,List
42020,List
42394,List
42456,List
42468,List
42549,List
42640,List
4289,List
4327,List
43818,List
44332,List
44390,List
4444,List
4457,List
44755,List
44818,List
44819,List
44823,List
44829,List
44836,List
44841,List
44929,List
45031,List
45134,List
4514,List
45225,List
4534,List
4535,List
4559,List
45813,List
45969,List
46105,List
4612,List
4616,List
4617,List
46230,List
46309,List
46312,List
46361,List
46392,List
46528,List
4727,List
4729,List
476,List
4761,List
4772,List
48030,List
48112,List
483,List
48466,List
48470,List
48487,List
48515,List
48591,List
48614,List
48783,List
48793,List
48847,List
48869,List
48990,List
49015,List
49094,List
4913,List
49152,List
4923,List
49241,List
4927,List
4928,List
49454,List
49458,List
49499,List
49603,List
49623,List
497,List
4973,List
49939,List
50025,List
50028,List
50078,List
50502,List
5056,List
50563,List
50978,List
51057,List
5111,List
5148,List
51519,List
51538,List
5171,List
51716,List
52035,List
52061,List
52066,List
52104,List
52107,List
52143,List
52188,List
52193,List
526,List
5268,List
52842,List
53174,List
53561,List
53596,List
53706,List
5419,List
54194,List
5430,List
5439,List
54392,List
545,List
54536,List
54549,List
54551,List
54565,List
546,List
5478,List
54790,List
5482,List
5484,List
5486,List
54880,List
55417,List
56155,List
5631,List
56330,List
56337,List
5641,List
56610,List
5684,List
56890,List
56992,List
56999,List
57089,List
5778,List
57946,List
58115,List
58599,List
58745,List
58835,List
58891,List
58910,List
58950,List
59047,List
59052,List
59056,List
59344,List
59419,List
59482,List
5949,List
59506,List
59510,List
59557,List
59650,List
59656,List
59728,List
59742,List
6027,List
603,List
60374,List
60375,List
604,List
6045,List
60491,List
6052,List
6054,List
606,List
607,List
60916,List
60953,List
61045,List
6110,List
6120,List
61367,List
61371,List
61809,List
62095,List
62160,List
62242,List
62264,List
62350,List
62368,List
62413,List
62634,List
6266,List
62722,List
6284,List
6285,List
63713,List
63755,List
6391,List
64452,List
64456,List
64624,List
65126,List
65160,List
65483,List
65584,List
65901,List
660,List
6602,List
6609,List
66150,List
66160,List
66416,List
6645,List
67005,List
6733,List
6734,List
67401,List
67409,List
67501,List
67522,List
67527,List
67533,List
67589,List
676,List
67660,List
67678,List
67717,List
67721,List
67789,List
68211,List
686,List
6865,List
69124,List
6918,List
692,List
6920,List
69302,List
69327,List
69444,List
6961,List
6962,List
69671,List
69780,List
69818,List
70734,List
70793,List
70950,List
71246,List
71268,List
71299,List
7135,List
71431,List
71708,List
7177,List
71843,List
7226,List
732,List
7353,List
7368,List
7370,List
738,List
7406,List
741,List
7417,List
7442,List
7445,List
7446,List
747,List
748,List
7544,List
7549,List
7593,List
7693,List
7700,List
7701,List
7717,List
7726,List
7798,List
7872,List
7875,List
7888,List
7892,List
7896,List
7898,List
7909,List
7911,List
7953,List
796,List
7963,List
7990,List
7994,List
7999,List
8010,List
803,List
8053,List
8090,List
8094,List
8097,List
811,List
8164,List
818,List
8200,List
8209,List
834,List
835,List
8379,List
8417,List
8445,List
8590,List
8659,List
8662,List
8674,List
8717,List
8719,List
8826,List
8851,List
890,List
894,List
901,List
9061,List
9077,List
9140,List
9152,List
9329,List
9443,List
95,List
9530,List
9569,List
9575,List
9679,List
9697,List
9700,List
9702,List
9727,List
9735,List
974,List
9741,List
9742,List
9750,List
9841,List
999,List
101,Login
10208,Login
1021,Login
10214,Login
10221,Login
10258,Login
10281,Login
10362,Login
10611,Login
10613,Login
1067,Login
108,Login
1080,Login
1082,Login
10894,Login
10996,Login
11002,Login
11082,Login
11089,Login
11098,Login
1113,Login
1114,Login
11287,Login
11436,Login
11520,Login
11560,Login
11634,Login
11801,Login
11840,Login
11862,Login
11896,Login
11915,Login
12134,Login
12171,Login
12176,Login
12179,Login
12231,Login
12612,Login
12637,Login
12672,Login
12675,Login
12733,Login
12741,Login
12823,Login
12893,Login
13260,Login
13300,Login
13420,Login
13434,Login
13435,Login
13464,Login
13705,Login
13707,Login
13862,Login
13921,Login
140,Login
14085,Login
14093,Login
141,Login
14142,Login
14143,Login
14258,Login
14298,Login
14302,Login
14442,Login
14469,Login
14514,Login
14546,Login
14549,Login
14615,Login
14754,Login
14847,Login
14862,Login
14889,Login
14912,Login
14987,Login
15093,Login
15105,Login
15131,Login
15301,Login
15325,Login
15509,Login
15520,Login
15536,Login
15799,Login
15800,Login
15833,Login
15869,Login
15873,Login
15889,Login
15898,Login
15900,Login
15904,Login
16140,Login
1622,Login
16241,Login
16254,Login
16340,Login
16471,Login
16532,Login
16626,Login
16639,Login
16659,Login
16667,Login
16725,Login
16984,Login
17044,Login
17075,Login
17282,Login
17385,Login
17544,Login
17558,Login
17570,Login
17604,Login
17620,Login
17653,Login
17772,Login
17835,Login
17838,Login
17840,Login
17958,Login
18010,Login
18020,Login
18109,Login
18207,Login
18259,Login
18411,Login
18461,Login
18562,Login
18564,Login
18672,Login
18680,Login
18763,Login
1880,Login
18832,Login
18858,Login
18864,Login
18865,Login
18869,Login
1893,Login
18935,Login
18936,Login
18947,Login
18962,Login
19108,Login
19117,Login
19158,Login
19310,Login
19311,Login
19397,Login
19432,Login
19442,Login
19829,Login
19919,Login
19925,Login
19929,Login
19932,Login
20006,Login
20015,Login
20050,Login
2008,Login
20107,Login
2013,Login
20231,Login
20233,Login
20234,Login
20683,Login
20910,Login
2101,Login
21120,Login
21128,Login
21189,Login
21338,Login
21438,Login
21444,Login
21445,Login
21496,Login
21547,Login
21571,Login
21578,Login
21580,Login
21652,Login
21654,Login
21753,Login
21818,Login
21819,Login
21887,Login
22032,Login
22082,Login
22143,Login
2216,Login
22342,Login
22440,Login
22443,Login
22506,Login
22592,Login
22759,Login
23042,Login
23206,Login
23236,Login
2349,Login
23492,Login
23645,Login
23691,Login
23735,Login
23773,Login
23793,Login
23806,Login
23935,Login
23938,Login
23940,Login
23944,Login
24024,Login
24026,Login
24098,Login
24602,Login
24611,Login
24745,Login
24765,Login
24859,Login
24878,Login
25114,Login
25173,Login
25175,Login
25195,Login
25253,Login
25425,Login
25482,Login
25495,Login
25502,Login
25507,Login
25607,Login
2562,Login
25643,Login
25782,Login
25804,Login
26038,Login
26070,Login
2610,Login
26211,Login
26267,Login
26516,Login
26661,Login
26721,Login
26726,Login
26767,Login
26792,Login
2698,Login
2714,Login
2716,Login
27254,Login
27703,Login
27894,Login
28117,Login
2827,Login
28528,Login
2858,Login
28642,Login
28999,Login
29002,Login
29074,Login
29161,Login
29183,Login
29277,Login
29321,Login
29460,Login
29481,Login
29487,Login
29662,Login
29815,Login
29858,Login
29880,Login
29901,Login
29949,Login
30019,Login
30031,Login
30035,Login
30042,Login
30094,Login
30102,Login
30200,Login
30218,Login
3024,Login
30240,Login
30273,Login
30450,Login
30474,Login
30518,Login
30526,Login
30673,Login
30764,Login
30879,Login
31214,Login
31245,Login
31333,Login
31399,Login
315,Login
31815,Login
31980,Login
32002,Login
32049,Login
32066,Login
32071,Login
32077,Login
32078,Login
32189,Login
32337,Login
32500,Login
32637,Login
32729,Login
32730,Login
32739,Login
32795,Login
33058,Login
33123,Login
33268,Login
33269,Login
33291,Login
33292,Login
33336,Login
33603,Login
33614,Login
33709,Login
34017,Login
34026,Login
34033,Login
34090,Login
34164,Login
34165,Login
34202,Login
34205,Login
34223,Login
34306,Login
34313,Login
34344,Login
34389,Login
3440,Login
34488,Login
34493,Login
34541,Login
34571,Login
34579,Login
34584,Login
34650,Login
34661,Login
34757,Login
34771,Login
34798,Login
34802,Login
34935,Login
34970,Login
35150,Login
3521,Login
35225,Login
35274,Login
35279,Login
35284,Login
3529,Login
35492,Login
35502,Login
35665,Login
35881,Login
35894,Login
35910,Login
36050,Login
36080,Login
36099,Login
36126,Login
36358,Login
36379,Login
36484,Login
36525,Login
36536,Login
36830,Login
36857,Login
36889,Login
36925,Login
36976,Login
36977,Login
37060,Login
37077,Login
3719,Login
3721,Login
37269,Login
3730,Login
37522,Login
37578,Login
37591,Login
37731,Login
37945,Login
3799,Login
38049,Login
38087,Login
38092,Login
38158,Login
38240,Login
38282,Login
38284,Login
38285,Login
38405,Login
3847,Login
38654,Login
38655,Login
38735,Login
38747,Login
38840,Login
38964,Login
39123,Login
39125,Login
39194,Login
39238,Login
39279,Login
39322,Login
39414,Login
39471,Login
39523,Login
39536,Login
39537,Login
39570,Login
39572,Login
39606,Login
39704,Login
39729,Login
39817,Login
39830,Login
39849,Login
40104,Login
40144,Login
4026,Login
40261,Login
40266,Login
40336,Login
40410,Login
40446,Login
40538,Login
40540,Login
40562,Login
40568,Login
40689,Login
40881,Login
40928,Login
40931,Login
40945,Login
40946,Login
41105,Login
41419,Login
41420,Login
4146,Login
41472,Login
41494,Login
41554,Login
41638,Login
4164,Login
41783,Login
42067,Login
42074,Login
42122,Login
4214,Login
42347,Login
42485,Login
42486,Login
42511,Login
42528,Login
42624,Login
42634,Login
42664,Login
42715,Login
42819,Login
42844,Login
42992,Login
430,Login
43003,Login
43095,Login
43173,Login
43199,Login
43262,Login
43386,Login
43412,Login
4366,Login
4368,Login
43736,Login
43796,Login
43874,Login
43931,Login
43958,Login
44187,Login
44255,Login
44290,Login
44370,Login
44405,Login
44451,Login
44466,Login
44525,Login
44535,Login
44552,Login
44608,Login
44637,Login
44660,Login
44699,Login
44721,Login
44834,Login
4485,Login
44875,Login
4489,Login
4492,Login
45006,Login
45087,Login
45102,Login
4513,Login
45248,Login
45251,Login
45252,Login
45262,Login
45280,Login
45315,Login
45373,Login
45776,Login
45777,Login
45924,Login
46027,Login
46159,Login
46287,Login
46302,Login
46433,Login
46607,Login
46608,Login
46883,Login
46884,Login
46902,Login
47050,Login
47051,Login
47181,Login
47206,Login
47208,Login
47319,Login
47334,Login
47338,Login
47364,Login
47417,Login
47489,Login
47634,Login
47635,Login
47921,Login
48072,Login
48089,Login
48109,Login
48212,Login
48303,Login
48322,Login
48803,Login
48874,Login
49238,Login
49245,Login
4931,Login
49381,Login
49385,Login
4939,Login
49426,Login
49501,Login
49568,Login
49571,Login
49653,Login
49744,Login
49876,Login
49932,Login
4996,Login
49983,Login
4999,Login
49999,Login
5000,Login
5001,Login
50046,Login
50087,Login
50236,Login
50280,Login
50281,Login
50472,Login
50512,Login
50559,Login
5059,Login
50640,Login
50769,Login
50919,Login
51032,Login
51137,Login
51165,Login
51179,Login
51204,Login
51290,Login
51370,Login
51371,Login
514,Login
51467,Login
51498,Login
51500,Login
51501,Login
51551,Login
51629,Login
51647,Login
51648,Login
51728,Login
51746,Login
51753,Login
51755,Login
51912,Login
51947,Login
51950,Login
51960,Login
51963,Login
52034,Login
52065,Login
52122,Login
52424,Login
52522,Login
52595,Login
52616,Login
52855,Login
52980,Login
53102,Login
53106,Login
53108,Login
53115,Login
53184,Login
53189,Login
53268,Login
53272,Login
53274,Login
53381,Login
53491,Login
53670,Login
53882,Login
54152,Login
54296,Login
5459,Login
5466,Login
54677,Login
54742,Login
54744,Login
5489,Login
55172,Login
55187,Login
55188,Login
55287,Login
55288,Login
55420,Login
55476,Login
55479,Login
55806,Login
56017,Login
56233,Login
56375,Login
56409,Login
56439,Login
56508,Login
56516,Login
56559,Login
56794,Login
57113,Login
57127,Login
57151,Login
5716,Login
57266,Login
57305,Login
57322,Login
57329,Login
57566,Login
57585,Login
57639,Login
57642,Login
57650,Login
57743,Login
5777,Login
5786,Login
57985,Login
58377,Login
58500,Login
58516,Login
58538,Login
58547,Login
58667,Login
5870,Login
5871,Login
58767,Login
58782,Login
58933,Login
59030,Login
59100,Login
5918,Login
59208,Login
59354,Login
59357,Login
5944,Login
59484,Login
59514,Login
59519,Login
59697,Login
59720,Login
59731,Login
59738,Login
5975,Login
59821,Login
60326,Login
60403,Login
60406,Login
60408,Login
60483,Login
60554,Login
6061,Login
60737,Login
60770,Login
60894,Login
60958,Login
60989,Login
61042,Login
61094,Login
6146,Login
61528,Login
61648,Login
61710,Login
61905,Login
62022,Login
62097,Login
62173,Login
62189,Login
62257,Login
62288,Login
62309,Login
62314,Login
6235,Login
6238,Login
62506,Login
6251,Login
6255,Login
62735,Login
6278,Login
62843,Login
62993,Login
6309,Login
63187,Login
63382,Login
63418,Login
63429,Login
6344,Login
63638,Login
63858,Login
63935,Login
63970,Login
64002,Login
64005,Login
64013,Login
64040,Login
64131,Login
64133,Login
64171,Login
64213,Login
64351,Login
64354,Login
64448,Login
64453,Login
64513,Login
64656,Login
64671,Login
64685,Login
64705,Login
64767,Login
64931,Login
64991,Login
65201,Login
65232,Login
65235,Login
65239,Login
65575,Login
65621,Login
65674,Login
65765,Login
65775,Login
65997,Login
6608,Login
66112,Login
66121,Login
66268,Login
66403,Login
66407,Login
66506,Login
66509,Login
66551,Login
6657,Login
66624,Login
66861,Login
66893,Login
66905,Login
66941,Login
66995,Login
67147,Login
67392,Login
67467,Login
67569,Login
67570,Login
67636,Login
67720,Login
67820,Login
67956,Login
68054,Login
68077,Login
6808,Login
68278,Login
68288,Login
68460,Login
68531,Login
68588,Login
68864,Login
68970,Login
69010,Login
69017,Login
69286,Login
69293,Login
69335,Login
69504,Login
69510,Login
69516,Login
69551,Login
69687,Login
69758,Login
69842,Login
69877,Login
69913,Login
69932,Login
7002,Login
70330,Login
70342,Login
70346,Login
70599,Login
7063,Login
70650,Login
70685,Login
70856,Login
70858,Login
70916,Login
71126,Login
71135,Login
71198,Login
71309,Login
71317,Login
7139,Login
7148,Login
71558,Login
71664,Login
71672,Login
71673,Login
71675,Login
71858,Login
71864,Login
71875,Login
71880,Login
72173,Login
72186,Login
7251,Login
7301,Login
7338,Login
735,Login
7361,Login
7450,Login
7524,Login
7627,Login
768,Login
7713,Login
7738,Login
7778,Login
7849,Login
7902,Login
7908,Login
7910,Login
7995,Login
823,Login
824,Login
8486,Login
8541,Login
8559,Login
8735,Login
879,Login
8963,Login
8998,Login
9125,Login
9185,Login
9438,Login
9450,Login
9598,Login
9634,Login
9853,Login
10023,Map
10031,Map
1027,Map
1030,Map
10616,Map
10685,Map
10688,Map
10737,Map
10762,Map
10925,Map
11055,Map
11059,Map
11144,Map
11457,Map
11620,Map
11628,Map
11750,Map
11890,Map
11891,Map
11892,Map
11898,Map
1191,Map
12029,Map
12030,Map
1206,Map
1207,Map
12074,Map
1208,Map
12189,Map
12327,Map
12390,Map
12398,Map
12404,Map
12949,Map
13160,Map
13257,Map
13259,Map
13319,Map
13741,Map
13742,Map
13972,Map
14019,Map
14085,Map
14327,Map
1454,Map
1457,Map
1464,Map
1465,Map
14747,Map
14748,Map
14749,Map
14750,Map
14767,Map
14771,Map
14772,Map
14774,Map
14777,Map
14808,Map
14833,Map
14848,Map
14853,Map
14907,Map
14908,Map
14961,Map
14963,Map
14965,Map
14966,Map
14967,Map
15125,Map
15126,Map
15127,Map
15132,Map
15134,Map
15139,Map
15170,Map
15184,Map
15195,Map
15287,Map
15428,Map
15958,Map
15963,Map
16294,Map
16311,Map
16317,Map
16321,Map
16619,Map
16661,Map
16734,Map
16742,Map
16743,Map
16837,Map
16883,Map
16887,Map
16890,Map
16892,Map
16897,Map
16898,Map
16911,Map
16913,Map
16915,Map
1692,Map
1694,Map
17033,Map
17036,Map
17101,Map
17107,Map
17347,Map
174,Map
1755,Map
17550,Map
1756,Map
17638,Map
17684,Map
17721,Map
17724,Map
17727,Map
1783,Map
17884,Map
17886,Map
1796,Map
18068,Map
18073,Map
18604,Map
18772,Map
18953,Map
18975,Map
19059,Map
19060,Map
19064,Map
19067,Map
19135,Map
19340,Map
19691,Map
19953,Map
2003,Map
2004,Map
20421,Map
20801,Map
20870,Map
20880,Map
20943,Map
20977,Map
21086,Map
21107,Map
2129,Map
21714,Map
21717,Map
21723,Map
22006,Map
2209,Map
2211,Map
22620,Map
22658,Map
22750,Map
22751,Map
22755,Map
22780,Map
22781,Map
22818,Map
230,Map
23301,Map
23400,Map
23529,Map
23909,Map
240,Map
24615,Map
25026,Map
25033,Map
25113,Map
25176,Map
25192,Map
25749,Map
25758,Map
26,Map
26115,Map
26131,Map
26135,Map
26322,Map
26629,Map
26905,Map
27175,Map
27234,Map
27237,Map
27314,Map
27320,Map
27496,Map
27812,Map
28298,Map
28539,Map
28619,Map
28833,Map
28913,Map
28928,Map
28931,Map
28947,Map
29311,Map
29314,Map
29335,Map
29595,Map
29647,Map
29803,Map
29887,Map
30416,Map
3056,Map
30748,Map
3086,Map
30929,Map
3094,Map
31619,Map
31620,Map
31636,Map
3168,Map
31865,Map
31872,Map
31897,Map
31917,Map
31918,Map
31919,Map
31920,Map
31979,Map
32894,Map
32924,Map
33032,Map
33034,Map
33154,Map
33156,Map
33720,Map
33771,Map
33875,Map
34010,Map
34322,Map
35065,Map
35160,Map
35267,Map
35453,Map
35592,Map
35632,Map
36125,Map
36495,Map
36496,Map
36653,Map
36766,Map
36772,Map
37348,Map
3735,Map
3738,Map
3743,Map
37787,Map
37790,Map
3863,Map
38748,Map
38862,Map
38917,Map
39342,Map
39461,Map
3978,Map
39878,Map
4008,Map
40107,Map
4020,Map
4024,Map
40413,Map
40449,Map
40450,Map
40451,Map
40452,Map
40454,Map
40455,Map
40613,Map
40794,Map
40804,Map
41284,Map
41294,Map
41295,Map
41299,Map
41305,Map
41318,Map
41668,Map
4173,Map
41738,Map
41765,Map
4182,Map
42012,Map
42107,Map
4217,Map
42504,Map
42547,Map
42548,Map
42552,Map
42554,Map
42557,Map
42558,Map
42559,Map
4317,Map
43326,Map
43371,Map
4342,Map
43459,Map
43461,Map
4347,Map
4349,Map
43609,Map
43610,Map
43870,Map
44203,Map
44338,Map
44787,Map
44955,Map
453,Map
45326,Map
45585,Map
46201,Map
46203,Map
46513,Map
46516,Map
46772,Map
46812,Map
46857,Map
47196,Map
47311,Map
47949,Map
4806,Map
48083,Map
48101,Map
48236,Map
48325,Map
48484,Map
48699,Map
48735,Map
48744,Map
48746,Map
48753,Map
48836,Map
48961,Map
49574,Map
49936,Map
49959,Map
5003,Map
5007,Map
5016,Map
50411,Map
5042,Map
50508,Map
50509,Map
5051,Map
50511,Map
50514,Map
50516,Map
50517,Map
50518,Map
50525,Map
5053,Map
5058,Map
5063,Map
51161,Map
51518,Map
52127,Map
52141,Map
52142,Map
52320,Map
52335,Map
52336,Map
527,Map
52816,Map
52817,Map
53391,Map
53402,Map
53652,Map
54076,Map
54342,Map
54345,Map
54530,Map
54602,Map
54644,Map
5493,Map
5561,Map
5562,Map
5622,Map
56811,Map
56830,Map
57046,Map
57215,Map
57247,Map
57272,Map
57274,Map
57276,Map
57539,Map
58214,Map
58217,Map
58344,Map
58351,Map
58356,Map
58389,Map
59156,Map
59777,Map
59827,Map
59828,Map
60090,Map
60543,Map
60544,Map
60692,Map
61043,Map
61244,Map
61568,Map
61597,Map
61599,Map
61691,Map
61696,Map
61699,Map
6170,Map
62042,Map
62043,Map
62046,Map
62047,Map
62048,Map
62049,Map
62352,Map
62872,Map
63370,Map
63436,Map
63609,Map
63614,Map
63789,Map
63981,Map
64333,Map
64818,Map
65205,Map
65299,Map
65305,Map
65395,Map
65439,Map
65492,Map
65713,Map
65717,Map
65720,Map
65746,Map
65779,Map
66171,Map
66443,Map
66449,Map
66555,Map
67016,Map
67545,Map
67688,Map
67722,Map
68079,Map
68137,Map
68416,Map
68549,Map
6901,Map
69071,Map
69171,Map
6935,Map
69605,Map
69606,Map
69752,Map
69756,Map
69760,Map
7020,Map
70362,Map
70363,Map
70364,Map
70367,Map
70410,Map
70414,Map
70416,Map
7045,Map
7046,Map
70621,Map
70769,Map
70772,Map
70813,Map
70814,Map
7084,Map
70861,Map
71013,Map
71030,Map
71039,Map
71040,Map
71043,Map
71101,Map
72172,Map
72179,Map
73,Map
7396,Map
7426,Map
749,Map
7886,Map
8264,Map
8318,Map
837,Map
8485,Map
8571,Map
8703,Map
881,Map
9503,Map
9633,Map
9904,Map
9908,Map
9916,Map
10035,Menu
10037,Menu
10061,Menu
10062,Menu
10084,Menu
1009,Menu
10100,Menu
1012,Menu
10132,Menu
1014,Menu
1015,Menu
10194,Menu
10198,Menu
10203,Menu
10211,Menu
10212,Menu
10220,Menu
10373,Menu
10378,Menu
10418,Menu
10430,Menu
10481,Menu
10596,Menu
10603,Menu
10609,Menu
10612,Menu
10640,Menu
10642,Menu
10646,Menu
10724,Menu
10752,Menu
10760,Menu
10761,Menu
10840,Menu
10842,Menu
10843,Menu
10846,Menu
10847,Menu
10855,Menu
10859,Menu
10860,Menu
10862,Menu
10865,Menu
10869,Menu
10877,Menu
10878,Menu
10882,Menu
10962,Menu
10982,Menu
11057,Menu
11058,Menu
11090,Menu
11091,Menu
11093,Menu
11101,Menu
11103,Menu
11108,Menu
11113,Menu
11115,Menu
11120,Menu
11133,Menu
11148,Menu
11262,Menu
11263,Menu
11282,Menu
1133,Menu
1134,Menu
1145,Menu
11453,Menu
11455,Menu
11460,Menu
11463,Menu
11464,Menu
1147,Menu
11498,Menu
11593,Menu
11595,Menu
11629,Menu
11630,Menu
117,Menu
11713,Menu
11764,Menu
11847,Menu
11853,Menu
11855,Menu
11914,Menu
11917,Menu
12007,Menu
12012,Menu
12028,Menu
12034,Menu
12035,Menu
1205,Menu
12066,Menu
12071,Menu
1210,Menu
12138,Menu
12141,Menu
12229,Menu
12261,Menu
12279,Menu
123,Menu
12309,Menu
12407,Menu
12412,Menu
12507,Menu
12576,Menu
12580,Menu
12583,Menu
12596,Menu
12597,Menu
12598,Menu
12619,Menu
12678,Menu
12679,Menu
12683,Menu
12699,Menu
127,Menu
1283,Menu
12860,Menu
12867,Menu
12871,Menu
12874,Menu
12883,Menu
12884,Menu
12904,Menu
12907,Menu
12908,Menu
1291,Menu
12910,Menu
12913,Menu
12915,Menu
12916,Menu
12918,Menu
1292,Menu
1293,Menu
12933,Menu
12937,Menu
12939,Menu
12947,Menu
1296,Menu
130,Menu
13098,Menu
131,Menu
13224,Menu
13230,Menu
13246,Menu
13258,Menu
13334,Menu
13337,Menu
13478,Menu
13482,Menu
13483,Menu
13484,Menu
13486,Menu
135,Menu
13548,Menu
13555,Menu
13562,Menu
13564,Menu
13574,Menu
13576,Menu
13577,Menu
13638,Menu
13644,Menu
13650,Menu
13690,Menu
13691,Menu
13695,Menu
13704,Menu
13708,Menu
13719,Menu
13721,Menu
13830,Menu
13838,Menu
13847,Menu
13848,Menu
13857,Menu
13864,Menu
13865,Menu
13957,Menu
14119,Menu
14122,Menu
14190,Menu
14215,Menu
1422,Menu
14234,Menu
14241,Menu
1426,Menu
1431,Menu
1434,Menu
14349,Menu
14352,Menu
1443,Menu
1444,Menu
1446,Menu
14511,Menu
1452,Menu
1453,Menu
14584,Menu
14585,Menu
14587,Menu
14588,Menu
14605,Menu
1466,Menu
14675,Menu
14682,Menu
1470,Menu
14741,Menu
14750,Menu
14792,Menu
1481,Menu
149,Menu
14960,Menu
15032,Menu
15166,Menu
15187,Menu
15200,Menu
15378,Menu
15382,Menu
15385,Menu
15386,Menu
15389,Menu
15392,Menu
15553,Menu
15661,Menu
15684,Menu
15774,Menu
15777,Menu
15778,Menu
158,Menu
1580,Menu
15851,Menu
15886,Menu
15975,Menu
15978,Menu
15981,Menu
15982,Menu
15987,Menu
16018,Menu
16020,Menu
16040,Menu
161,Menu
16121,Menu
16127,Menu
16137,Menu
16291,Menu
16309,Menu
16319,Menu
16320,Menu
16322,Menu
16323,Menu
16388,Menu
16389,Menu
16513,Menu
16516,Menu
16527,Menu
16529,Menu
16599,Menu
16601,Menu
16608,Menu
16648,Menu
16693,Menu
16810,Menu
16816,Menu
16819,Menu
16825,Menu
16839,Menu
16846,Menu
16848,Menu
16855,Menu
16880,Menu
16900,Menu
17000,Menu
17017,Menu
17018,Menu
17032,Menu
17050,Menu
17057,Menu
17073,Menu
17096,Menu
17124,Menu
17141,Menu
17147,Menu
17151,Menu
17152,Menu
17158,Menu
17168,Menu
17169,Menu
17174,Menu
17251,Menu
17336,Menu
17384,Menu
1739,Menu
17391,Menu
17395,Menu
17398,Menu
1740,Menu
17403,Menu
1742,Menu
17430,Menu
17435,Menu
17437,Menu
17439,Menu
17440,Menu
17443,Menu
17493,Menu
17496,Menu
176,Menu
17602,Menu
178,Menu
1786,Menu
17885,Menu
17888,Menu
17921,Menu
17942,Menu
17951,Menu
17959,Menu
17960,Menu
17961,Menu
17972,Menu
18039,Menu
18042,Menu
18047,Menu
18126,Menu
18185,Menu
18193,Menu
18194,Menu
18196,Menu
18262,Menu
1827,Menu
183,Menu
18333,Menu
18338,Menu
18340,Menu
18401,Menu
18405,Menu
18415,Menu
18418,Menu
18534,Menu
186,Menu
18639,Menu
18645,Menu
18654,Menu
18668,Menu
18764,Menu
18765,Menu
18766,Menu
18767,Menu
18781,Menu
18891,Menu
189,Menu
19347,Menu
19353,Menu
19355,Menu
19359,Menu
19361,Menu
19366,Menu
19383,Menu
19386,Menu
19392,Menu
194,Menu
19400,Menu
19421,Menu
19424,Menu
19440,Menu
19443,Menu
195,Menu
19620,Menu
19624,Menu
19656,Menu
20427,Menu
20476,Menu
20538,Menu
20891,Menu
21784,Menu
21785,Menu
22304,Menu
22305,Menu
22309,Menu
22312,Menu
22322,Menu
22333,Menu
22343,Menu
22487,Menu
22753,Menu
23074,Menu
23177,Menu
24004,Menu
24246,Menu
24250,Menu
24251,Menu
24269,Menu
24579,Menu
2465,Menu
24701,Menu
24787,Menu
24789,Menu
24856,Menu
25544,Menu
25919,Menu
26007,Menu
26112,Menu
26120,Menu
26878,Menu
27046,Menu
27602,Menu
27884,Menu
2899,Menu
29983,Menu
29992,Menu
30007,Menu
30026,Menu
3005,Menu
3140,Menu
31896,Menu
32055,Menu
3207,Menu
32115,Menu
32175,Menu
32890,Menu
33012,Menu
3305,Menu
33918,Menu
34311,Menu
34333,Menu
34595,Menu
34781,Menu
34866,Menu
35218,Menu
35609,Menu
35640,Menu
35697,Menu
35993,Menu
37376,Menu
37583,Menu
37883,Menu
37885,Menu
38287,Menu
38295,Menu
38574,Menu
38575,Menu
39600,Menu
39880,Menu
39886,Menu
3993,Menu
42492,Menu
42623,Menu
43147,Menu
43148,Menu
43339,Menu
43710,Menu
43892,Menu
44718,Menu
4490,Menu
45250,Menu
45945,Menu
47203,Menu
47540,Menu
47541,Menu
47546,Menu
47555,Menu
47557,Menu
47707,Menu
48153,Menu
48248,Menu
48253,Menu
48269,Menu
48702,Menu
49225,Menu
49228,Menu
49704,Menu
4990,Menu
50143,Menu
50400,Menu
50839,Menu
51329,Menu
51527,Menu
51927,Menu
52304,Menu
52711,Menu
52717,Menu
53075,Menu
53086,Menu
53100,Menu
53105,Menu
53110,Menu
53124,Menu
53327,Menu
53329,Menu
53333,Menu
5429,Menu
54433,Menu
54440,Menu
54537,Menu
5470,Menu
54880,Menu
54918,Menu
5508,Menu
55504,Menu
5559,Menu
56796,Menu
5682,Menu
57025,Menu
57339,Menu
57556,Menu
57747,Menu
57819,Menu
58044,Menu
58057,Menu
58067,Menu
58430,Menu
58529,Menu
58757,Menu
58991,Menu
59123,Menu
60052,Menu
60173,Menu
60264,Menu
6068,Menu
61217,Menu
62012,Menu
62274,Menu
6257,Menu
62940,Menu
63015,Menu
6542,Menu
6543,Menu
65578,Menu
6565,Menu
66309,Menu
66563,Menu
66899,Menu
6752,Menu
6755,Menu
6756,Menu
68492,Menu
6905,Menu
69297,Menu
69458,Menu
69622,Menu
7013,Menu
71103,Menu
71307,Menu
7250,Menu
7570,Menu
7588,Menu
8191,Menu
8200,Menu
8522,Menu
9297,Menu
9302,Menu
9310,Menu
9412,Menu
9421,Menu
9547,Menu
9696,Menu
10106,Profile
10210,Profile
10247,Profile
10279,Profile
10280,Profile
10432,Profile
10614,Profile
1065,Profile
1068,Profile
1069,Profile
10863,Profile
10985,Profile
11107,Profile
11122,Profile
11233,Profile
11295,Profile
11309,Profile
11398,Profile
11502,Profile
1151,Profile
11805,Profile
12240,Profile
12273,Profile
12275,Profile
12280,Profile
12617,Profile
1281,Profile
12828,Profile
12924,Profile
12926,Profile
12952,Profile
13107,Profile
13117,Profile
13455,Profile
1355,Profile
1371,Profile
13800,Profile
1405,Profile
14423,Profile
14500,Profile
14731,Profile
14911,Profile
15040,Profile
15173,Profile
15315,Profile
1537,Profile
1553,Profile
15652,Profile
15660,Profile
15666,Profile
15802,Profile
1585,Profile
15880,Profile
15930,Profile
15931,Profile
15932,Profile
15938,Profile
16087,Profile
16267,Profile
16339,Profile
16342,Profile
16387,Profile
16499,Profile
16850,Profile
17091,Profile
17105,Profile
17161,Profile
17197,Profile
17255,Profile
17285,Profile
17290,Profile
17303,Profile
17379,Profile
17873,Profile
180,Profile
18353,Profile
18575,Profile
18583,Profile
18587,Profile
18588,Profile
18589,Profile
18596,Profile
18599,Profile
1883,Profile
1886,Profile
18889,Profile
19032,Profile
19305,Profile
19306,Profile
19342,Profile
19435,Profile
19452,Profile
19614,Profile
19673,Profile
19787,Profile
19792,Profile
19798,Profile
20016,Profile
20061,Profile
20139,Profile
20148,Profile
20780,Profile
20782,Profile
21050,Profile
21103,Profile
21313,Profile
21820,Profile
21937,Profile
22059,Profile
22176,Profile
22258,Profile
22453,Profile
22458,Profile
22482,Profile
22642,Profile
23012,Profile
23225,Profile
2325,Profile
23591,Profile
23801,Profile
23887,Profile
24002,Profile
24069,Profile
24458,Profile
2448,Profile
247,Profile
24896,Profile
25118,Profile
2517,Profile
26062,Profile
26107,Profile
26284,Profile
27614,Profile
2772,Profile
27819,Profile
27990,Profile
28023,Profile
28025,Profile
28030,Profile
28113,Profile
28221,Profile
2835,Profile
28652,Profile
29053,Profile
29070,Profile
29465,Profile
29535,Profile
29918,Profile
30249,Profile
3025,Profile
30251,Profile
30515,Profile
30602,Profile
30612,Profile
30745,Profile
31005,Profile
31046,Profile
31051,Profile
31104,Profile
31410,Profile
31428,Profile
31518,Profile
31521,Profile
32190,Profile
32191,Profile
32207,Profile
32470,Profile
32498,Profile
32570,Profile
32571,Profile
32714,Profile
32715,Profile
32735,Profile
33299,Profile
33339,Profile
33536,Profile
33766,Profile
34029,Profile
34185,Profile
34214,Profile
34215,Profile
34218,Profile
34225,Profile
34343,Profile
34402,Profile
34408,Profile
34509,Profile
34519,Profile
34616,Profile
3496,Profile
3497,Profile
35031,Profile
35184,Profile
35191,Profile
35208,Profile
35269,Profile
35285,Profile
35425,Profile
3546,Profile
35716,Profile
35854,Profile
36136,Profile
36355,Profile
36373,Profile
36380,Profile
36565,Profile
3672,Profile
36917,Profile
36973,Profile
3701,Profile
37226,Profile
3723,Profile
37276,Profile
37413,Profile
37519,Profile
37541,Profile
37690,Profile
37728,Profile
3789,Profile
37898,Profile
37913,Profile
37918,Profile
37922,Profile
38010,Profile
38250,Profile
38538,Profile
38539,Profile
38585,Profile
38750,Profile
38819,Profile
39058,Profile
39223,Profile
39239,Profile
3933,Profile
39521,Profile
39524,Profile
39732,Profile
39813,Profile
40008,Profile
40010,Profile
40102,Profile
40112,Profile
4025,Profile
40495,Profile
40500,Profile
40544,Profile
40560,Profile
40578,Profile
40627,Profile
4066,Profile
41174,Profile
4134,Profile
42054,Profile
42205,Profile
42427,Profile
42494,Profile
42705,Profile
4271,Profile
43094,Profile
43104,Profile
43195,Profile
43407,Profile
43462,Profile
43769,Profile
43837,Profile
43956,Profile
43977,Profile
44149,Profile
44423,Profile
44963,Profile
44968,Profile
44973,Profile
44988,Profile
44989,Profile
45284,Profile
45288,Profile
45526,Profile
45692,Profile
45711,Profile
45855,Profile
45862,Profile
45864,Profile
46085,Profile
46104,Profile
46215,Profile
46324,Profile
46329,Profile
46342,Profile
46343,Profile
46344,Profile
46357,Profile
46561,Profile
46567,Profile
46633,Profile
46634,Profile
46726,Profile
4688,Profile
47000,Profile
47269,Profile
47270,Profile
47278,Profile
47280,Profile
47422,Profile
47530,Profile
47653,Profile
47688,Profile
47691,Profile
47694,Profile
47964,Profile
4797,Profile
4849,Profile
48910,Profile
49133,Profile
49208,Profile
49216,Profile
49242,Profile
49283,Profile
49783,Profile
49799,Profile
49909,Profile
49911,Profile
49919,Profile
49971,Profile
50314,Profile
50316,Profile
50317,Profile
50321,Profile
50332,Profile
50395,Profile
50550,Profile
50556,Profile
50845,Profile
50957,Profile
50969,Profile
50980,Profile
51176,Profile
51422,Profile
51432,Profile
51433,Profile
51451,Profile
51582,Profile
51586,Profile
51911,Profile
52259,Profile
52273,Profile
52274,Profile
52279,Profile
5253,Profile
52584,Profile
5273,Profile
53062,Profile
53259,Profile
5371,Profile
53944,Profile
54066,Profile
54202,Profile
54216,Profile
54393,Profile
54442,Profile
54741,Profile
54749,Profile
54813,Profile
55413,Profile
55576,Profile
55710,Profile
55873,Profile
56300,Profile
56408,Profile
56413,Profile
56416,Profile
56613,Profile
57106,Profile
57107,Profile
57108,Profile
57112,Profile
57117,Profile
57292,Profile
58042,Profile
58115,Profile
5835,Profile
58447,Profile
58460,Profile
58527,Profile
58746,Profile
58920,Profile
58937,Profile
59010,Profile
59177,Profile
59266,Profile
59267,Profile
59417,Profile
59431,Profile
59436,Profile
59716,Profile
5976,Profile
59804,Profile
59805,Profile
59812,Profile
59900,Profile
60025,Profile
60050,Profile
60055,Profile
60056,Profile
6011,Profile
60209,Profile
60230,Profile
60469,Profile
60615,Profile
60823,Profile
60841,Profile
60926,Profile
60981,Profile
61306,Profile
61421,Profile
61853,Profile
61907,Profile
61997,Profile
62147,Profile
62175,Profile
6224,Profile
62326,Profile
62327,Profile
62448,Profile
62449,Profile
62512,Profile
62517,Profile
62959,Profile
62963,Profile
63014,Profile
63051,Profile
63064,Profile
63647,Profile
63658,Profile
64200,Profile
64201,Profile
64214,Profile
64217,Profile
64284,Profile
64444,Profile
64625,Profile
64826,Profile
65135,Profile
65338,Profile
65639,Profile
65646,Profile
65801,Profile
65812,Profile
65817,Profile
65836,Profile
65873,Profile
65890,Profile
66308,Profile
66366,Profile
66374,Profile
66378,Profile
66382,Profile
66385,Profile
66392,Profile
66713,Profile
66914,Profile
66983,Profile
67001,Profile
67026,Profile
67043,Profile
67158,Profile
67159,Profile
67164,Profile
67182,Profile
67191,Profile
67384,Profile
67626,Profile
6764,Profile
67888,Profile
67892,Profile
68096,Profile
68324,Profile
68348,Profile
68441,Profile
6874,Profile
68741,Profile
68744,Profile
6877,Profile
6878,Profile
69212,Profile
69224,Profile
69292,Profile
69326,Profile
69375,Profile
69378,Profile
69388,Profile
69399,Profile
69401,Profile
69496,Profile
69508,Profile
69635,Profile
69648,Profile
69867,Profile
69944,Profile
70058,Profile
70176,Profile
70230,Profile
70268,Profile
70665,Profile
70672,Profile
70673,Profile
7071,Profile
7112,Profile
7114,Profile
71218,Profile
7140,Profile
71836,Profile
71843,Profile
7198,Profile
7236,Profile
7788,Profile
8444,Profile
8547,Profile
8667,Profile
8732,Profile
9075,Profile
9124,Profile
926,Profile
9261,Profile
9288,Profile
9550,Profile
9631,Profile
1003,Search
10234,Search
10307,Search
10359,Search
10376,Search
10544,Search
10554,Search
10584,Search
10600,Search
10610,Search
10667,Search
10852,Search
1105,Search
11231,Search
11335,Search
11359,Search
11467,Search
11711,Search
12037,Search
12161,Search
1220,Search
12230,Search
1226,Search
12271,Search
12274,Search
12276,Search
12278,Search
1236,Search
12448,Search
12452,Search
12574,Search
12594,Search
1266,Search
12707,Search
1274,Search
12921,Search
13326,Search
1353,Search
13754,Search
14292,Search
14370,Search
14541,Search
14716,Search
14717,Search
14733,Search
14770,Search
14959,Search
15156,Search
15250,Search
15332,Search
15336,Search
15395,Search
15495,Search
15950,Search
16173,Search
16318,Search
16347,Search
16350,Search
16351,Search
16894,Search
17083,Search
17085,Search
17099,Search
17202,Search
17381,Search
17392,Search
17442,Search
17491,Search
17680,Search
17682,Search
1791,Search
1792,Search
17927,Search
18404,Search
18408,Search
18412,Search
18413,Search
18416,Search
18455,Search
18646,Search
18647,Search
18661,Search
18815,Search
18831,Search
18875,Search
18888,Search
19134,Search
1940,Search
19730,Search
19882,Search
20163,Search
204,Search
20450,Search
20488,Search
2079,Search
208,Search
20889,Search
2090,Search
2094,Search
21349,Search
21446,Search
21515,Search
21525,Search
21599,Search
21607,Search
2164,Search
21981,Search
22053,Search
22054,Search
22067,Search
22150,Search
22226,Search
22685,Search
22730,Search
23135,Search
23141,Search
23331,Search
23371,Search
23384,Search
23460,Search
23461,Search
23474,Search
23654,Search
23693,Search
23694,Search
23696,Search
23700,Search
23770,Search
23771,Search
23860,Search
23870,Search
24036,Search
24048,Search
24144,Search
2436,Search
24394,Search
24466,Search
24472,Search
24826,Search
25032,Search
25075,Search
25346,Search
25419,Search
25619,Search
25620,Search
25626,Search
25664,Search
25792,Search
25831,Search
25957,Search
26060,Search
26101,Search
26239,Search
26457,Search
26757,Search
26937,Search
2703,Search
2707,Search
27151,Search
27152,Search
27153,Search
27354,Search
27360,Search
27365,Search
27471,Search
2757,Search
27594,Search
27595,Search
27920,Search
28086,Search
28244,Search
2834,Search
2838,Search
2839,Search
28406,Search
2847,Search
28617,Search
28782,Search
28917,Search
29313,Search
29346,Search
29585,Search
29592,Search
29767,Search
2988,Search
29889,Search
30298,Search
3033,Search
30482,Search
30485,Search
30487,Search
30620,Search
30627,Search
30699,Search
30998,Search
30999,Search
31000,Search
31002,Search
31182,Search
31291,Search
313,Search
31548,Search
31604,Search
31875,Search
3188,Search
3193,Search
31933,Search
3194,Search
31942,Search
32065,Search
32148,Search
32157,Search
32348,Search
32406,Search
3259,Search
32734,Search
32755,Search
32764,Search
33039,Search
33575,Search
33834,Search
34019,Search
3420,Search
34358,Search
34359,Search
3437,Search
34434,Search
34527,Search
34586,Search
34609,Search
34836,Search
34882,Search
34929,Search
34968,Search
35350,Search
35417,Search
35424,Search
35449,Search
35572,Search
35950,Search
35967,Search
35985,Search
36002,Search
36012,Search
3603,Search
36134,Search
36151,Search
36296,Search
36405,Search
36425,Search
36467,Search
36773,Search
36854,Search
36858,Search
37091,Search
37094,Search
37095,Search
37173,Search
37272,Search
3742,Search
37682,Search
37743,Search
3777,Search
37895,Search
3792,Search
380,Search
38015,Search
38147,Search
38152,Search
38157,Search
3819,Search
3820,Search
38323,Search
38326,Search
38337,Search
38338,Search
38340,Search
387,Search
38859,Search
38861,Search
391,Search
392,Search
39318,Search
3932,Search
39338,Search
39458,Search
39824,Search
39933,Search
39936,Search
40062,Search
40205,Search
40257,Search
40307,Search
40524,Search
40527,Search
40546,Search
40576,Search
40580,Search
40581,Search
40646,Search
40717,Search
40728,Search
40731,Search
40735,Search
41,Search
41204,Search
41297,Search
41582,Search
41597,Search
41712,Search
41845,Search
41874,Search
42011,Search
42100,Search
42154,Search
42171,Search
42289,Search
42442,Search
42521,Search
42711,Search
42810,Search
43096,Search
43354,Search
43356,Search
43365,Search
43463,Search
43591,Search
43662,Search
43664,Search
43669,Search
43671,Search
43674,Search
43860,Search
43979,Search
43985,Search
43987,Search
44053,Search
44055,Search
44186,Search
44267,Search
44269,Search
44369,Search
44381,Search
44383,Search
44384,Search
44391,Search
44394,Search
44398,Search
44399,Search
44406,Search
44543,Search
44567,Search
44666,Search
44712,Search
44817,Search
44837,Search
44888,Search
44980,Search
45731,Search
45910,Search
46067,Search
46211,Search
46316,Search
46881,Search
47008,Search
47058,Search
47082,Search
47083,Search
47154,Search
47183,Search
47207,Search
47267,Search
47273,Search
47277,Search
47287,Search
47288,Search
47487,Search
47534,Search
47537,Search
47539,Search
47550,Search
47558,Search
47562,Search
47563,Search
47567,Search
47739,Search
47751,Search
4781,Search
47823,Search
4793,Search
48223,Search
48398,Search
48479,Search
48617,Search
48706,Search
48862,Search
48966,Search
49150,Search
49192,Search
49366,Search
49500,Search
49522,Search
49530,Search
49680,Search
497,Search
49914,Search
49969,Search
49978,Search
50011,Search
50018,Search
50195,Search
50200,Search
50318,Search
50357,Search
50358,Search
50360,Search
50384,Search
50391,Search
50403,Search
50488,Search
50494,Search
50580,Search
5062,Search
50622,Search
50883,Search
50918,Search
50991,Search
51194,Search
51281,Search
51326,Search
51512,Search
51562,Search
51651,Search
51700,Search
51707,Search
5173,Search
51956,Search
51962,Search
52007,Search
52125,Search
52139,Search
52204,Search
52330,Search
52331,Search
52795,Search
52819,Search
52862,Search
52889,Search
52903,Search
53031,Search
53037,Search
53038,Search
53040,Search
53047,Search
53049,Search
53059,Search
53061,Search
53065,Search
53248,Search
53367,Search
53374,Search
53449,Search
53608,Search
53767,Search
54229,Search
54237,Search
54280,Search
54553,Search
54687,Search
54701,Search
54863,Search
54875,Search
54941,Search
5495,Search
55430,Search
55518,Search
55520,Search
55645,Search
5566,Search
55690,Search
55882,Search
56086,Search
56106,Search
56159,Search
56242,Search
56386,Search
56405,Search
56467,Search
56562,Search
56619,Search
56624,Search
56775,Search
56928,Search
57047,Search
57164,Search
57213,Search
57306,Search
57488,Search
57603,Search
57739,Search
57815,Search
57891,Search
57895,Search
58198,Search
58241,Search
58422,Search
58434,Search
58436,Search
58484,Search
58552,Search
5859,Search
58748,Search
58755,Search
58807,Search
59043,Search
59073,Search
59125,Search
59172,Search
59229,Search
59373,Search
59376,Search
59378,Search
59532,Search
5977,Search
59829,Search
59855,Search
5990,Search
59914,Search
59931,Search
60019,Search
60020,Search
60023,Search
60048,Search
60127,Search
60204,Search
60207,Search
60228,Search
60251,Search
60355,Search
60369,Search
60399,Search
60410,Search
60416,Search
60475,Search
60496,Search
60538,Search
60548,Search
60647,Search
60866,Search
60874,Search
60875,Search
60889,Search
60890,Search
61109,Search
61251,Search
61258,Search
61323,Search
61381,Search
61555,Search
61556,Search
61772,Search
61898,Search
62168,Search
62384,Search
62402,Search
62405,Search
62431,Search
62435,Search
62437,Search
62466,Search
62739,Search
62773,Search
62896,Search
6303,Search
63057,Search
63093,Search
63097,Search
63099,Search
63254,Search
63424,Search
63430,Search
63521,Search
63538,Search
63572,Search
6372,Search
63721,Search
63724,Search
63830,Search
63927,Search
64038,Search
64367,Search
6451,Search
64551,Search
6457,Search
64715,Search
64734,Search
64740,Search
64750,Search
64753,Search
64761,Search
64765,Search
64807,Search
64983,Search
65199,Search
65207,Search
65436,Search
65498,Search
65597,Search
65743,Search
65753,Search
65757,Search
65806,Search
65868,Search
65898,Search
65932,Search
65963,Search
66158,Search
66211,Search
66214,Search
66215,Search
66220,Search
66294,Search
66302,Search
66353,Search
66797,Search
66978,Search
66989,Search
66998,Search
67002,Search
67085,Search
6721,Search
67236,Search
67244,Search
6735,Search
67385,Search
67450,Search
67468,Search
67473,Search
67645,Search
67646,Search
67687,Search
67689,Search
67767,Search
68024,Search
68025,Search
68027,Search
68636,Search
69177,Search
6918,Search
69252,Search
69274,Search
69334,Search
69446,Search
69456,Search
69462,Search
69617,Search
69633,Search
69693,Search
69696,Search
69697,Search
69759,Search
69761,Search
69833,Search
69928,Search
69933,Search
70178,Search
70191,Search
70558,Search
70596,Search
70724,Search
70726,Search
70733,Search
70760,Search
70898,Search
70905,Search
71246,Search
71366,Search
71522,Search
71619,Search
71643,Search
71754,Search
71825,Search
71826,Search
71964,Search
72056,Search
72065,Search
72155,Search
72170,Search
7350,Search
7355,Search
7573,Search
7597,Search
7603,Search
7606,Search
7608,Search
7611,Search
7687,Search
813,Search
8152,Search
8592,Search
8593,Search
8595,Search
8601,Search
8605,Search
8648,Search
8850,Search
8906,Search
8908,Search
8922,Search
8954,Search
8980,Search
8989,Search
9057,Search
9108,Search
9129,Search
9151,Search
9295,Search
9438,Search
9496,Search
9558,Search
957,Search
9591,Search
9703,Search
9725,Search
9726,Search
1007,Setting
10080,Setting
10096,Setting
10122,Setting
10150,Setting
10168,Setting
10285,Setting
10287,Setting
10291,Setting
10294,Setting
10352,Setting
10424,Setting
10426,Setting
1050,Setting
1061,Setting
10615,Setting
10725,Setting
10880,Setting
10934,Setting
11049,Setting
11088,Setting
11310,Setting
11466,Setting
11623,Setting
11954,Setting
11958,Setting
1199,Setting
12105,Setting
12145,Setting
12173,Setting
12252,Setting
12257,Setting
12453,Setting
12577,Setting
12584,Setting
1261,Setting
12638,Setting
12795,Setting
12885,Setting
12914,Setting
12953,Setting
12954,Setting
13083,Setting
13143,Setting
13162,Setting
13252,Setting
13261,Setting
13453,Setting
13547,Setting
13614,Setting
13617,Setting
13711,Setting
13728,Setting
13974,Setting
14080,Setting
14091,Setting
14100,Setting
14141,Setting
14188,Setting
1460,Setting
14617,Setting
14903,Setting
14909,Setting
15121,Setting
1519,Setting
1520,Setting
15257,Setting
15402,Setting
15703,Setting
15946,Setting
16013,Setting
16037,Setting
16041,Setting
16112,Setting
16208,Setting
16363,Setting
16470,Setting
16583,Setting
16631,Setting
16634,Setting
16640,Setting
16645,Setting
16679,Setting
16740,Setting
169,Setting
16966,Setting
17182,Setting
1741,Setting
1758,Setting
17711,Setting
17745,Setting
17774,Setting
17798,Setting
17911,Setting
17954,Setting
17955,Setting
18144,Setting
18168,Setting
18223,Setting
18225,Setting
18407,Setting
18472,Setting
18491,Setting
18526,Setting
18602,Setting
18606,Setting
18607,Setting
18743,Setting
1877,Setting
18788,Setting
18804,Setting
18833,Setting
18955,Setting
19190,Setting
19320,Setting
19335,Setting
19337,Setting
19346,Setting
19369,Setting
19448,Setting
19449,Setting
196,Setting
19651,Setting
19758,Setting
19851,Setting
19859,Setting
19909,Setting
19910,Setting
20172,Setting
20178,Setting
20333,Setting
20558,Setting
20621,Setting
20781,Setting
20842,Setting
21027,Setting
21230,Setting
2128,Setting
21328,Setting
21598,Setting
2170,Setting
21845,Setting
21847,Setting
21875,Setting
22210,Setting
22347,Setting
22638,Setting
22791,Setting
22909,Setting
23205,Setting
2326,Setting
23409,Setting
23467,Setting
23764,Setting
23768,Setting
23808,Setting
2389,Setting
24007,Setting
24053,Setting
24195,Setting
24654,Setting
24658,Setting
24753,Setting
24786,Setting
24788,Setting
25022,Setting
25095,Setting
25140,Setting
25154,Setting
2516,Setting
25167,Setting
25170,Setting
2522,Setting
2525,Setting
25302,Setting
25340,Setting
25349,Setting
25420,Setting
25534,Setting
25568,Setting
25640,Setting
25696,Setting
25699,Setting
25730,Setting
25812,Setting
25866,Setting
2589,Setting
26287,Setting
26293,Setting
26355,Setting
26466,Setting
26477,Setting
26482,Setting
265,Setting
26546,Setting
26564,Setting
26575,Setting
26620,Setting
26644,Setting
26763,Setting
26826,Setting
26829,Setting
27048,Setting
27075,Setting
27079,Setting
27138,Setting
27146,Setting
27317,Setting
27323,Setting
27375,Setting
27399,Setting
2747,Setting
27506,Setting
27507,Setting
27512,Setting
27516,Setting
27522,Setting
27622,Setting
27708,Setting
27772,Setting
27835,Setting
27863,Setting
27883,Setting
27956,Setting
27961,Setting
28011,Setting
28041,Setting
28204,Setting
28257,Setting
28292,Setting
28433,Setting
28548,Setting
28762,Setting
28792,Setting
29050,Setting
29067,Setting
29073,Setting
29297,Setting
29390,Setting
29483,Setting
29584,Setting
2964,Setting
2984,Setting
3007,Setting
30100,Setting
30530,Setting
30585,Setting
30601,Setting
30648,Setting
30728,Setting
30729,Setting
31006,Setting
31033,Setting
31075,Setting
3108,Setting
31135,Setting
3117,Setting
31401,Setting
31409,Setting
31893,Setting
31941,Setting
3196,Setting
32091,Setting
32149,Setting
32226,Setting
32237,Setting
3258,Setting
32588,Setting
32589,Setting
32619,Setting
3269,Setting
3291,Setting
33138,Setting
33192,Setting
33274,Setting
33395,Setting
33423,Setting
33461,Setting
33695,Setting
33745,Setting
33777,Setting
3383,Setting
34351,Setting
34352,Setting
34398,Setting
34428,Setting
3462,Setting
34711,Setting
34943,Setting
35048,Setting
35051,Setting
35074,Setting
35185,Setting
35244,Setting
35247,Setting
35271,Setting
35321,Setting
35342,Setting
35373,Setting
3545,Setting
35576,Setting
35647,Setting
35672,Setting
35771,Setting
35954,Setting
36020,Setting
36044,Setting
36132,Setting
36153,Setting
36317,Setting
36404,Setting
36475,Setting
36504,Setting
36505,Setting
36573,Setting
36576,Setting
36662,Setting
36665,Setting
36703,Setting
36705,Setting
36802,Setting
36840,Setting
36941,Setting
370,Setting
37026,Setting
37135,Setting
37138,Setting
37255,Setting
37257,Setting
37288,Setting
37292,Setting
37429,Setting
37448,Setting
37509,Setting
37517,Setting
3757,Setting
37656,Setting
38186,Setting
38321,Setting
38567,Setting
38782,Setting
388,Setting
38916,Setting
38986,Setting
39024,Setting
3907,Setting
39081,Setting
39092,Setting
39096,Setting
39138,Setting
39149,Setting
39241,Setting
39473,Setting
39697,Setting
39739,Setting
39754,Setting
40060,Setting
40096,Setting
40176,Setting
40184,Setting
40299,Setting
40526,Setting
40671,Setting
40781,Setting
40890,Setting
40891,Setting
41183,Setting
41261,Setting
41404,Setting
41463,Setting
41562,Setting
41672,Setting
4175,Setting
41937,Setting
4194,Setting
4199,Setting
42197,Setting
42208,Setting
42290,Setting
42436,Setting
42949,Setting
43034,Setting
43079,Setting
43301,Setting
43317,Setting
43594,Setting
43864,Setting
4399,Setting
44137,Setting
44207,Setting
44345,Setting
44359,Setting
44658,Setting
4476,Setting
44823,Setting
44849,Setting
4486,Setting
4491,Setting
44993,Setting
45132,Setting
45719,Setting
4587,Setting
46019,Setting
46090,Setting
46609,Setting
46703,Setting
4690,Setting
46936,Setting
47028,Setting
47091,Setting
47155,Setting
47560,Setting
47708,Setting
4812,Setting
4815,Setting
48328,Setting
4846,Setting
4858,Setting
4873,Setting
48733,Setting
48851,Setting
48886,Setting
49080,Setting
49231,Setting
4935,Setting
49494,Setting
4950,Setting
49520,Setting
49554,Setting
49678,Setting
4977,Setting
49981,Setting
5005,Setting
50163,Setting
50225,Setting
50271,Setting
50306,Setting
50588,Setting
50721,Setting
51068,Setting
51107,Setting
51275,Setting
51358,Setting
51474,Setting
52059,Setting
52143,Setting
52342,Setting
52867,Setting
53043,Setting
53439,Setting
53470,Setting
53660,Setting
53867,Setting
54070,Setting
54313,Setting
54595,Setting
54637,Setting
54650,Setting
54672,Setting
54724,Setting
54732,Setting
54757,Setting
54891,Setting
54922,Setting
55033,Setting
55035,Setting
55179,Setting
5539,Setting
55650,Setting
55788,Setting
55796,Setting
55800,Setting
55891,Setting
56286,Setting
5629,Setting
56362,Setting
56403,Setting
56652,Setting
57036,Setting
57450,Setting
57466,Setting
57613,Setting
57632,Setting
5772,Setting
57750,Setting
57790,Setting
57956,Setting
58023,Setting
58072,Setting
58367,Setting
58405,Setting
58608,Setting
58612,Setting
58977,Setting
58985,Setting
59000,Setting
59140,Setting
59333,Setting
59346,Setting
59360,Setting
59409,Setting
59423,Setting
5952,Setting
59553,Setting
59580,Setting
59726,Setting
59743,Setting
59851,Setting
60318,Setting
60556,Setting
60660,Setting
6079,Setting
60796,Setting
61678,Setting
61730,Setting
6186,Setting
61887,Setting
62032,Setting
62276,Setting
62285,Setting
62574,Setting
62677,Setting
6287,Setting
62882,Setting
629,Setting
63070,Setting
63092,Setting
6311,Setting
633,Setting
63378,Setting
634,Setting
636,Setting
63694,Setting
63775,Setting
6408,Setting
6414,Setting
6418,Setting
6423,Setting
644,Setting
64595,Setting
64624,Setting
64666,Setting
64849,Setting
65042,Setting
65308,Setting
65405,Setting
65585,Setting
65638,Setting
65783,Setting
6583,Setting
65887,Setting
6590,Setting
66004,Setting
66435,Setting
66599,Setting
66665,Setting
66876,Setting
6697,Setting
6737,Setting
67382,Setting
67669,Setting
6769,Setting
677,Setting
67902,Setting
6800,Setting
68087,Setting
68272,Setting
68407,Setting
68572,Setting
68596,Setting
68676,Setting
6875,Setting
68761,Setting
6899,Setting
6923,Setting
69290,Setting
69358,Setting
69465,Setting
69539,Setting
69728,Setting
69845,Setting
69916,Setting
70062,Setting
70194,Setting
70348,Setting
70475,Setting
70777,Setting
71099,Setting
71551,Setting
71556,Setting
71713,Setting
71717,Setting
71831,Setting
71840,Setting
71852,Setting
71972,Setting
72132,Setting
72164,Setting
72195,Setting
7265,Setting
7341,Setting
7392,Setting
7542,Setting
758,Setting
761,Setting
7682,Setting
77,Setting
781,Setting
783,Setting
784,Setting
8029,Setting
8046,Setting
8239,Setting
8268,Setting
8385,Setting
8455,Setting
8573,Setting
8643,Setting
865,Setting
9172,Setting
9191,Setting
9249,Setting
9475,Setting
9478,Setting
9479,Setting
9513,Setting
9577,Setting
9619,Setting
9828,Setting
10216,Welcome
10218,Welcome
1047,Welcome
1059,Welcome
11082,Welcome
1129,Welcome
11420,Welcome
11552,Welcome
11559,Welcome
1209,Welcome
12304,Welcome
12328,Welcome
12396,Welcome
1268,Welcome
1271,Welcome
1325,Welcome
13431,Welcome
1350,Welcome
1352,Welcome
13551,Welcome
13557,Welcome
1356,Welcome
14152,Welcome
14238,Welcome
14289,Welcome
1433,Welcome
1451,Welcome
1459,Welcome
14610,Welcome
15103,Welcome
15123,Welcome
1534,Welcome
15518,Welcome
15535,Welcome
15559,Welcome
15887,Welcome
15907,Welcome
1622,Welcome
16334,Welcome
16654,Welcome
16662,Welcome
16906,Welcome
17362,Welcome
17401,Welcome
17461,Welcome
1748,Welcome
1774,Welcome
1798,Welcome
1809,Welcome
1835,Welcome
1847,Welcome
1852,Welcome
1853,Welcome
18560,Welcome
1863,Welcome
18660,Welcome
18674,Welcome
1884,Welcome
1942,Welcome
19458,Welcome
19646,Welcome
19718,Welcome
19726,Welcome
19838,Welcome
19996,Welcome
20005,Welcome
20056,Welcome
20103,Welcome
20177,Welcome
20234,Welcome
2076,Welcome
20805,Welcome
20807,Welcome
20811,Welcome
20882,Welcome
20901,Welcome
20909,Welcome
20914,Welcome
20983,Welcome
21043,Welcome
21051,Welcome
21141,Welcome
21187,Welcome
21243,Welcome
21300,Welcome
21508,Welcome
21517,Welcome
21562,Welcome
21577,Welcome
21654,Welcome
21655,Welcome
21672,Welcome
21941,Welcome
22024,Welcome
22442,Welcome
22493,Welcome
22500,Welcome
23181,Welcome
23231,Welcome
23250,Welcome
2353,Welcome
23580,Welcome
23597,Welcome
23599,Welcome
24094,Welcome
24191,Welcome
24192,Welcome
24193,Welcome
2433,Welcome
24336,Welcome
2450,Welcome
2454,Welcome
24565,Welcome
24620,Welcome
2463,Welcome
24885,Welcome
24895,Welcome
24900,Welcome
2498,Welcome
25013,Welcome
25115,Welcome
25227,Welcome
25333,Welcome
25341,Welcome
25365,Welcome
25437,Welcome
2555,Welcome
25572,Welcome
25587,Welcome
25596,Welcome
25830,Welcome
2584,Welcome
2586,Welcome
25872,Welcome
25873,Welcome
25876,Welcome
25892,Welcome
25912,Welcome
25922,Welcome
25927,Welcome
25950,Welcome
26012,Welcome
26137,Welcome
26195,Welcome
26203,Welcome
2623,Welcome
26234,Welcome
26235,Welcome
26249,Welcome
26255,Welcome
26431,Welcome
26528,Welcome
26541,Welcome
26646,Welcome
2668,Welcome
26740,Welcome
26778,Welcome
26782,Welcome
26795,Welcome
26799,Welcome
26830,Welcome
26857,Welcome
26962,Welcome
27070,Welcome
27136,Welcome
27211,Welcome
27217,Welcome
27218,Welcome
27228,Welcome
27346,Welcome
27358,Welcome
2742,Welcome
27646,Welcome
27774,Welcome
27901,Welcome
27916,Welcome
2799,Welcome
27998,Welcome
28156,Welcome
28177,Welcome
28256,Welcome
28409,Welcome
28443,Welcome
28495,Welcome
28499,Welcome
28535,Welcome
2859,Welcome
28601,Welcome
28602,Welcome
29057,Welcome
29154,Welcome
29158,Welcome
29161,Welcome
29244,Welcome
29363,Welcome
29484,Welcome
29488,Welcome
29508,Welcome
29510,Welcome
3105,Welcome
3129,Welcome
3161,Welcome
321,Welcome
3212,Welcome
3213,Welcome
3265,Welcome
32737,Welcome
32809,Welcome
32828,Welcome
32868,Welcome
33058,Welcome
33063,Welcome
33068,Welcome
33125,Welcome
33139,Welcome
33186,Welcome
33230,Welcome
33236,Welcome
33242,Welcome
33294,Welcome
33303,Welcome
33304,Welcome
33317,Welcome
33356,Welcome
33393,Welcome
33397,Welcome
33472,Welcome
33543,Welcome
33554,Welcome
33685,Welcome
33686,Welcome
33768,Welcome
33799,Welcome
33912,Welcome
33915,Welcome
33924,Welcome
33934,Welcome
33943,Welcome
33974,Welcome
34047,Welcome
34051,Welcome
34078,Welcome
34223,Welcome
34270,Welcome
34307,Welcome
34370,Welcome
34386,Welcome
3439,Welcome
34475,Welcome
34490,Welcome
34506,Welcome
34535,Welcome
34588,Welcome
34759,Welcome
34765,Welcome
34879,Welcome
34889,Welcome
34915,Welcome
35032,Welcome
35091,Welcome
35113,Welcome
35158,Welcome
35277,Welcome
35356,Welcome
35390,Welcome
35442,Welcome
35550,Welcome
35604,Welcome
35657,Welcome
35673,Welcome
35734,Welcome
3579,Welcome
35819,Welcome
35884,Welcome
35914,Welcome
3597,Welcome
35990,Welcome
36071,Welcome
36091,Welcome
36120,Welcome
36162,Welcome
36188,Welcome
36198,Welcome
36215,Welcome
36268,Welcome
36269,Welcome
36270,Welcome
36273,Welcome
36275,Welcome
36366,Welcome
36376,Welcome
36472,Welcome
36516,Welcome
36528,Welcome
36547,Welcome
36563,Welcome
3663,Welcome
36656,Welcome
36685,Welcome
36698,Welcome
36774,Welcome
3679,Welcome
36807,Welcome
36831,Welcome
36843,Welcome
36846,Welcome
36847,Welcome
36872,Welcome
3692,Welcome
371,Welcome
3710,Welcome
3718,Welcome
37206,Welcome
37280,Welcome
37361,Welcome
374,Welcome
37465,Welcome
37468,Welcome
37484,Welcome
37552,Welcome
37554,Welcome
37563,Welcome
37625,Welcome
37641,Welcome
37651,Welcome
37708,Welcome
37724,Welcome
37731,Welcome
37886,Welcome
37914,Welcome
37915,Welcome
38009,Welcome
38206,Welcome
38286,Welcome
38355,Welcome
38358,Welcome
3836,Welcome
38430,Welcome
38443,Welcome
38463,Welcome
38514,Welcome
38523,Welcome
38534,Welcome
3855,Welcome
38589,Welcome
38657,Welcome
38658,Welcome
38744,Welcome
38839,Welcome
38927,Welcome
38940,Welcome
38958,Welcome
38959,Welcome
39008,Welcome
39020,Welcome
39108,Welcome
39122,Welcome
39228,Welcome
39243,Welcome
3925,Welcome
39276,Welcome
39282,Welcome
39457,Welcome
39467,Welcome
39520,Welcome
39557,Welcome
3961,Welcome
3965,Welcome
39673,Welcome
39771,Welcome
39825,Welcome
3983,Welcome
39896,Welcome
39897,Welcome
39909,Welcome
39944,Welcome
40150,Welcome
40352,Welcome
40491,Welcome
40564,Welcome
40572,Welcome
40691,Welcome
40803,Welcome
40841,Welcome
40862,Welcome
40875,Welcome
4090,Welcome
41049,Welcome
41109,Welcome
41170,Welcome
41189,Welcome
41205,Welcome
41217,Welcome
41264,Welcome
41598,Welcome
4162,Welcome
41620,Welcome
41636,Welcome
41682,Welcome
4169,Welcome
4171,Welcome
41813,Welcome
41872,Welcome
4189,Welcome
41916,Welcome
41924,Welcome
41945,Welcome
41987,Welcome
42046,Welcome
42074,Welcome
42114,Welcome
42136,Welcome
42188,Welcome
42272,Welcome
42345,Welcome
4236,Welcome
42400,Welcome
42403,Welcome
42491,Welcome
42498,Welcome
42536,Welcome
42689,Welcome
42692,Welcome
42783,Welcome
42817,Welcome
42972,Welcome
42973,Welcome
42979,Welcome
43022,Welcome
43312,Welcome
43325,Welcome
43338,Welcome
43381,Welcome
43383,Welcome
43390,Welcome
43468,Welcome
43488,Welcome
43596,Welcome
43597,Welcome
43632,Welcome
43649,Welcome
43651,Welcome
43724,Welcome
43725,Welcome
43765,Welcome
4380,Welcome
43806,Welcome
43836,Welcome
43839,Welcome
4387,Welcome
43911,Welcome
43935,Welcome
44121,Welcome
44124,Welcome
44128,Welcome
44148,Welcome
44213,Welcome
44241,Welcome
44308,Welcome
44324,Welcome
44346,Welcome
44355,Welcome
44421,Welcome
44422,Welcome
44554,Welcome
4459,Welcome
44637,Welcome
44641,Welcome
44707,Welcome
44864,Welcome
44951,Welcome
45332,Welcome
4536,Welcome
45371,Welcome
45390,Welcome
45398,Welcome
45509,Welcome
45556,Welcome
45695,Welcome
4571,Welcome
45713,Welcome
45775,Welcome
4581,Welcome
45837,Welcome
45844,Welcome
45854,Welcome
45871,Welcome
45940,Welcome
45943,Welcome
46078,Welcome
46082,Welcome
46127,Welcome
46168,Welcome
46226,Welcome
46242,Welcome
46270,Welcome
46332,Welcome
46374,Welcome
46379,Welcome
4641,Welcome
46428,Welcome
46430,Welcome
46431,Welcome
46465,Welcome
46571,Welcome
46579,Welcome
46632,Welcome
46641,Welcome
46658,Welcome
46688,Welcome
46713,Welcome
46730,Welcome
46856,Welcome
46900,Welcome
46980,Welcome
46999,Welcome
47003,Welcome
47031,Welcome
47048,Welcome
47167,Welcome
47176,Welcome
473,Welcome
47317,Welcome
47327,Welcome
47338,Welcome
47383,Welcome
4739,Welcome
47417,Welcome
47426,Welcome
47500,Welcome
47526,Welcome
47637,Welcome
47884,Welcome
4789,Welcome
47898,Welcome
479,Welcome
47900,Welcome
47915,Welcome
47962,Welcome
47983,Welcome
47986,Welcome
48068,Welcome
48138,Welcome
48234,Welcome
48262,Welcome
48286,Welcome
48300,Welcome
48311,Welcome
48401,Welcome
48434,Welcome
48501,Welcome
48533,Welcome
48546,Welcome
49013,Welcome
49055,Welcome
49078,Welcome
49088,Welcome
49181,Welcome
49214,Welcome
49246,Welcome
49403,Welcome
49407,Welcome
49485,Welcome
49526,Welcome
49567,Welcome
49568,Welcome
49573,Welcome
4959,Welcome
49724,Welcome
49757,Welcome
49875,Welcome
50036,Welcome
50049,Welcome
50229,Welcome
503,Welcome
50342,Welcome
50354,Welcome
50390,Welcome
50460,Welcome
50487,Welcome
50671,Welcome
50681,Welcome
50726,Welcome
50770,Welcome
50783,Welcome
50785,Welcome
50821,Welcome
50850,Welcome
50927,Welcome
50929,Welcome
50994,Welcome
51000,Welcome
51024,Welcome
51137,Welcome
51288,Welcome
51291,Welcome
51354,Welcome
51409,Welcome
51412,Welcome
51577,Welcome
51595,Welcome
51603,Welcome
51748,Welcome
51783,Welcome
51785,Welcome
51871,Welcome
5195,Welcome
51951,Welcome
52008,Welcome
52029,Welcome
52077,Welcome
5208,Welcome
52146,Welcome
52258,Welcome
52337,Welcome
52437,Welcome
52576,Welcome
52764,Welcome
52853,Welcome
529,Welcome
52914,Welcome
52986,Welcome
52991,Welcome
5311,Welcome
53225,Welcome
53268,Welcome
53325,Welcome
53341,Welcome
5336,Welcome
53378,Welcome
53400,Welcome
53401,Welcome
53427,Welcome
535,Welcome
53514,Welcome
53714,Welcome
5372,Welcome
53764,Welcome
53766,Welcome
5386,Welcome
53878,Welcome
53957,Welcome
54016,Welcome
54026,Welcome
54260,Welcome
54341,Welcome
54359,Welcome
54424,Welcome
54438,Welcome
54524,Welcome
54588,Welcome
54589,Welcome
54607,Welcome
54639,Welcome
54671,Welcome
54675,Welcome
54678,Welcome
54681,Welcome
54744,Welcome
54746,Welcome
54754,Welcome
54760,Welcome
54839,Welcome
54897,Welcome
54943,Welcome
54969,Welcome
5500,Welcome
55040,Welcome
55170,Welcome
55222,Welcome
55287,Welcome
55309,Welcome
55314,Welcome
55365,Welcome
55420,Welcome
55477,Welcome
55486,Welcome
55558,Welcome
5556,Welcome
5567,Welcome
55902,Welcome
55937,Welcome
56024,Welcome
56028,Welcome
56029,Welcome
56042,Welcome
5606,Welcome
5607,Welcome
56070,Welcome
56072,Welcome
56098,Welcome
56156,Welcome
56173,Welcome
56220,Welcome
56254,Welcome
56280,Welcome
56367,Welcome
56431,Welcome
565,Welcome
5651,Welcome
56523,Welcome
5653,Welcome
56564,Welcome
567,Welcome
56886,Welcome
57128,Welcome
57141,Welcome
57180,Welcome
57268,Welcome
57284,Welcome
57294,Welcome
57301,Welcome
57358,Welcome
57456,Welcome
57529,Welcome
57544,Welcome
57570,Welcome
57577,Welcome
57591,Welcome
57634,Welcome
57648,Welcome
57652,Welcome
57697,Welcome
57804,Welcome
57823,Welcome
57830,Welcome
57832,Welcome
57898,Welcome
57909,Welcome
57919,Welcome
57935,Welcome
58264,Welcome
58405,Welcome
58424,Welcome
58501,Welcome
58520,Welcome
58521,Welcome
58543,Welcome
58600,Welcome
58668,Welcome
58671,Welcome
58676,Welcome
58698,Welcome
58706,Welcome
58712,Welcome
58789,Welcome
58887,Welcome
59024,Welcome
59044,Welcome
59083,Welcome
59131,Welcome
59243,Welcome
59245,Welcome
59317,Welcome
5935,Welcome
59385,Welcome
59387,Welcome
59424,Welcome
59453,Welcome
59456,Welcome
5955,Welcome
59566,Welcome
59572,Welcome
59618,Welcome
59670,Welcome
59676,Welcome
59679,Welcome
59685,Welcome
59718,Welcome
59725,Welcome
5978,Welcome
59808,Welcome
59820,Welcome
5999,Welcome
60033,Welcome
60035,Welcome
60041,Welcome
60042,Welcome
60044,Welcome
60046,Welcome
60053,Welcome
60078,Welcome
60100,Welcome
60106,Welcome
60113,Welcome
60114,Welcome
60175,Welcome
60182,Welcome
60219,Welcome
60237,Welcome
6030,Welcome
60307,Welcome
60313,Welcome
60327,Welcome
60334,Welcome
60335,Welcome
60339,Welcome
60393,Welcome
60503,Welcome
60598,Welcome
6064,Welcome
60641,Welcome
60683,Welcome
60821,Welcome
60897,Welcome
60998,Welcome
61027,Welcome
61234,Welcome
61263,Welcome
6132,Welcome
61400,Welcome
61402,Welcome
61419,Welcome
61424,Welcome
61470,Welcome
61584,Welcome
61586,Welcome
61632,Welcome
61642,Welcome
61651,Welcome
61662,Welcome
61738,Welcome
61746,Welcome
61764,Welcome
61774,Welcome
6182,Welcome
61868,Welcome
61920,Welcome
61949,Welcome
61968,Welcome
6207,Welcome
62206,Welcome
62237,Welcome
62246,Welcome
62259,Welcome
62329,Welcome
6240,Welcome
62432,Welcome
62455,Welcome
62467,Welcome
62469,Welcome
62497,Welcome
6250,Welcome
62545,Welcome
62579,Welcome
62581,Welcome
62654,Welcome
62676,Welcome
6268,Welcome
62734,Welcome
62763,Welcome
6279,Welcome
62844,Welcome
62845,Welcome
62894,Welcome
62958,Welcome
63017,Welcome
63061,Welcome
63161,Welcome
63172,Welcome
63240,Welcome
63270,Welcome
63271,Welcome
63307,Welcome
63414,Welcome
6344,Welcome
63482,Welcome
63497,Welcome
63503,Welcome
63506,Welcome
63592,Welcome
63603,Welcome
63646,Welcome
637,Welcome
63756,Welcome
63836,Welcome
63912,Welcome
63916,Welcome
63932,Welcome
63980,Welcome
64004,Welcome
64252,Welcome
64275,Welcome
64608,Welcome
64611,Welcome
64642,Welcome
64659,Welcome
64660,Welcome
64706,Welcome
64711,Welcome
64714,Welcome
64872,Welcome
64875,Welcome
64981,Welcome
64998,Welcome
65023,Welcome
65148,Welcome
65153,Welcome
65221,Welcome
65226,Welcome
65233,Welcome
65241,Welcome
65286,Welcome
65300,Welcome
65487,Welcome
65516,Welcome
65590,Welcome
65615,Welcome
65619,Welcome
65719,Welcome
65752,Welcome
65796,Welcome
65871,Welcome
65892,Welcome
6603,Welcome
66116,Welcome
66151,Welcome
66157,Welcome
66257,Welcome
66261,Welcome
66321,Welcome
66480,Welcome
66487,Welcome
66514,Welcome
66733,Welcome
66760,Welcome
66770,Welcome
66771,Welcome
66915,Welcome
66921,Welcome
66967,Welcome
66991,Welcome
66995,Welcome
67047,Welcome
67142,Welcome
67165,Welcome
67205,Welcome
67264,Welcome
67296,Welcome
67506,Welcome
67574,Welcome
67655,Welcome
67830,Welcome
67831,Welcome
67871,Welcome
67874,Welcome
67968,Welcome
68071,Welcome
68138,Welcome
6814,Welcome
68168,Welcome
68203,Welcome
68300,Welcome
68305,Welcome
68377,Welcome
68427,Welcome
68472,Welcome
6848,Welcome
68580,Welcome
68599,Welcome
68613,Welcome
68686,Welcome
68831,Welcome
68982,Welcome
69012,Welcome
69015,Welcome
69042,Welcome
69234,Welcome
69282,Welcome
69294,Welcome
69295,Welcome
69351,Welcome
69377,Welcome
69407,Welcome
69413,Welcome
69420,Welcome
69569,Welcome
69582,Welcome
69637,Welcome
69645,Welcome
69651,Welcome
69652,Welcome
69653,Welcome
69655,Welcome
69674,Welcome
69734,Welcome
69736,Welcome
69828,Welcome
69839,Welcome
69905,Welcome
69917,Welcome
7000,Welcome
7002,Welcome
7003,Welcome
701,Welcome
70116,Welcome
7015,Welcome
70175,Welcome
70201,Welcome
70240,Welcome
70340,Welcome
70347,Welcome
70600,Welcome
70612,Welcome
70620,Welcome
70675,Welcome
70805,Welcome
70809,Welcome
70859,Welcome
70879,Welcome
71145,Welcome
71177,Welcome
71200,Welcome
71214,Welcome
71275,Welcome
71314,Welcome
71317,Welcome
71435,Welcome
71436,Welcome
71447,Welcome
71508,Welcome
71591,Welcome
71610,Welcome
71630,Welcome
71631,Welcome
71704,Welcome
71707,Welcome
71714,Welcome
71862,Welcome
71882,Welcome
72141,Welcome
72150,Welcome
72157,Welcome
72174,Welcome
7386,Welcome
7425,Welcome
7428,Welcome
7436,Welcome
7447,Welcome
7450,Welcome
7452,Welcome
7513,Welcome
7543,Welcome
7548,Welcome
7550,Welcome
7648,Welcome
7667,Welcome
7672,Welcome
771,Welcome
7783,Welcome
7803,Welcome
7835,Welcome
7964,Welcome
8001,Welcome
8016,Welcome
804,Welcome
8088,Welcome
8373,Welcome
8427,Welcome
8429,Welcome
8559,Welcome
8609,Welcome
8632,Welcome
8654,Welcome
8823,Welcome
8825,Welcome
8859,Welcome
888,Welcome
8899,Welcome
8992,Welcome
9001,Welcome
9039,Welcome
9149,Welcome
9182,Welcome
9294,Welcome
9305,Welcome
9377,Welcome
9379,Welcome
9382,Welcome
9593,Welcome
9606,Welcome
9656,Welcome
9762,Welcome
9821,Welcome
